Region,Latitude,Longitude,RSL,RSLer_up_2sd,RSLer_low_2sd,Age,Age_up_er_2sd,Age_low_er_2sd,Limiting,Indicator,Region,CC
Eastern Maine,44.629,-67.382,-4.44,0.45,0.45,4706,123,123,0,1,1,0
Eastern Maine,44.429,-68.011,-4.99,0.45,0.45,4557,261,261,0,1,1,0
Eastern Maine,44.683,-67.406,-4.5,0.45,0.45,4258,167,167,0,1,1,0
Eastern Maine,44.429,-68.011,-4.05,0.45,0.45,3869,219,219,0,1,1,0
Eastern Maine,44.629,-67.382,-2.87,0.45,0.45,3383,174,174,0,1,1,0
Eastern Maine,44.629,-67.382,-4.3,0.45,0.45,3347,369,369,0,1,1,0
Eastern Maine,44.683,-67.406,-3.32,0.45,0.45,3265,181,181,0,1,1,0
Eastern Maine,44.629,-67.382,-2.49,0.45,0.45,3024,229,229,0,1,1,0
Eastern Maine,44.683,-67.406,-2.42,0.45,0.45,2948,189,189,0,1,1,0
Eastern Maine,44.429,-68.011,-1.78,0.45,0.45,2896,167,167,0,1,1,0
Eastern Maine,44.429,-68.011,-1.38,0.45,0.45,2462,254,254,0,1,1,0
Eastern Maine,44.429,-68.011,-1.43,0.45,0.45,2423,273,273,0,1,1,0
Eastern Maine,44.429,-68.011,-1.25,0.45,0.45,1975,148,148,0,1,1,0
Eastern Maine,44.429,-68.011,-0.67,0.45,0.45,1136,152,152,0,1,1,0
Eastern Maine,44.429,-68.011,-0.61,0.45,0.45,586,67,67,0,1,1,0
Eastern Maine,44.683,-67.406,-3.97,0.54,0.54,4622,200,200,0,1,1,0
Eastern Maine,44.683,-67.406,-2.88,0.54,0.54,3183,187,187,0,1,1,0
Eastern Maine,44.683,-67.406,-1.68,0.54,0.54,2597,248,248,0,1,1,0
Eastern Maine,44.683,-67.406,-1.72,0.54,0.54,1008,222,222,0,1,1,0
Eastern Maine,44.683,-67.406,-1.18,0.54,0.54,489,165,165,0,1,1,0
Eastern Maine,44.683,-67.406,-4.9,0.55,0.55,5490,171,171,0,1,1,0
Eastern Maine,44.683,-67.406,-1.74,0.55,0.55,2169,159,159,0,1,1,0
Eastern Maine,44.683,-67.406,-1.87,0.55,0.55,2129,179,179,0,1,1,0
Eastern Maine,44.683,-67.406,-0.99,0.55,0.55,1427,114,114,0,1,1,0
Eastern Maine,44.683,-67.406,-0.74,0.55,0.55,1128,156,156,0,1,1,0
Eastern Maine,44.683,-67.406,-0.49,0.55,0.55,1008,222,222,0,1,1,0
Eastern Maine,44.683,-67.406,-0.53,0.55,0.55,154,154,154,0,1,1,0
Eastern Maine,44.43,-68.01,-4.83,0.94,0.94,4381,142,142,0,1,1,0
Eastern Maine,44.43,-68.01,-3.11,0.94,0.94,3218,178,178,0,1,1,0
Eastern Maine,44.43,-68.01,-2.34,0.94,0.94,2854,100,100,0,1,1,0
Eastern Maine,44.43,-68.01,-1.55,0.94,0.94,2613,146,146,0,1,1,0
Eastern Maine,44.43,-68.01,-0.8,0.94,0.94,1693,128,128,0,1,1,0
Eastern Maine,44.608,-67.753,-3.94,1.1,1.1,4576,277,277,0,1,1,0
Eastern Maine,44.608,-67.753,-3.49,1.1,1.1,3684,279,279,0,1,1,0
Eastern Maine,44.608,-67.753,-3.26,1.1,1.1,3406,151,151,0,1,1,0
Eastern Maine,44.608,-67.753,-3.04,1.1,1.1,3136,209,209,0,1,1,0
Eastern Maine,44.608,-67.753,-3,1.1,1.1,2929,137,137,0,1,1,0
Eastern Maine,44.608,-67.753,-1.97,1.1,1.1,2910,152,152,0,1,1,0
Eastern Maine,44.608,-67.753,-2.4,1.1,1.1,2896,163,163,0,1,1,0
Eastern Maine,44.608,-67.753,-1.8,1.1,1.1,2613,247,247,0,1,1,0
Eastern Maine,44.608,-67.753,-1.7,1.1,1.1,2156,155,155,0,1,1,0
Eastern Maine,44.608,-67.753,-1.62,1.1,1.1,1781,260,260,0,1,1,0
Eastern Maine,44.608,-67.753,-1.22,1.1,1.1,1427,131,131,0,1,1,0
Eastern Maine,44.608,-67.753,-1.53,1.1,1.1,1143,153,153,0,1,1,0
Eastern Maine,44.608,-67.753,-0.67,1.1,1.1,408,113,113,0,1,1,0
Eastern Maine,44.43,-68.02,-3.53,0.17,0.17,11026,225,225,1,1,1,0
Eastern Maine,44.43,-68.02,-2.05,0.17,0.17,10841,280,280,1,1,1,0
Eastern Maine,44.43,-68.01,0.5,0.85,0.85,1408,107,107,1,1,1,0
Eastern Maine,44.43,-68.01,1.29,0.85,0.85,1401,111,111,1,1,1,0
Southern Maine,42.351,-71.075,-7.66,0.27,0.27,5147,420,420,-1,1,2,0
Southern Maine,44.119,-68.869,-11.25,0.8,0.8,6183,272,272,-1,1,2,0
Southern Maine,44.119,-68.869,-7.6,0.8,0.8,5714,261,261,-1,1,2,0
Southern Maine,43.7,-69.767,-22.91,3.02,3.02,10438,208,208,-1,1,2,0
Southern Maine,43.7,-69.767,-22.71,3.02,3.02,10384,193,193,-1,1,2,0
Southern Maine,43.7,-69.767,-24.71,3.02,3.02,9898,322,322,-1,1,2,0
Southern Maine,43.7,-69.767,-23.91,3.02,3.02,9897,274,274,-1,1,2,0
Southern Maine,43.7,-69.767,-24.36,3.02,3.02,9883,333,333,-1,1,2,0
Southern Maine,43.717,-70.167,-24.11,3.02,3.02,9804,285,285,-1,1,2,0
Southern Maine,43.7,-69.767,-24.26,3.02,3.02,9778,313,313,-1,1,2,0
Southern Maine,43.7,-69.767,-22.61,3.02,3.02,9654,344,344,-1,1,2,0
Southern Maine,44.414,-68.857,-27.4,3.02,3.02,9271,213,213,-1,1,2,0
Southern Maine,44.414,-68.857,-27.4,3.02,3.02,9262,225,225,-1,1,2,0
Southern Maine,43.707,-69.794,-26.62,3.02,3.02,9262,194,194,-1,1,2,0
Southern Maine,43.707,-69.794,-26.62,3.02,3.02,9178,201,201,-1,1,2,0
Southern Maine,43.8,-69.85,-46.11,3.02,3.02,8707,267,267,-1,1,2,0
Southern Maine,43.7,-69.767,-22.86,3.02,3.02,8689,273,273,-1,1,2,0
Southern Maine,43.701,-69.824,-25.62,3.02,3.02,7869,235,235,-1,1,2,0
Southern Maine,43.701,-69.824,-25.62,3.02,3.02,7707,193,193,-1,1,2,0
Southern Maine,43.7,-69.767,-24.51,3.02,3.02,7671,233,233,-1,1,2,0
Southern Maine,43.533,-70.217,-51.51,3.02,3.02,6251,373,373,-1,1,2,0
Southern Maine,43.533,-70.217,-54.31,3.02,3.02,317,171,171,-1,1,2,0
Southern Maine,42.64,-70.45,-58.05,3.18,3.18,4750,210,210,-1,1,2,0
Southern Maine,42.655,-70.415,-61.06,3.19,3.19,7850,177,177,-1,1,2,0
Southern Maine,43.292,-70.573,-2.95,0.38,0.38,4752,213,213,0,1,2,0
Southern Maine,43.292,-70.573,-1.58,0.38,0.38,2116,187,187,0,1,2,0
Southern Maine,43.292,-70.573,-0.67,0.38,0.38,895,151,151,0,1,2,0
Southern Maine,43.292,-70.573,-5.85,0.39,0.39,5917,254,254,0,1,2,0
Southern Maine,43.292,-70.573,-4.15,0.39,0.39,5455,136,136,0,1,2,0
Southern Maine,43.292,-70.573,-5.09,0.39,0.39,5058,216,216,0,1,2,0
Southern Maine,43.292,-70.573,-3.6,0.39,0.39,4792,175,175,0,1,2,0
Southern Maine,43.292,-70.573,-3.79,0.39,0.39,4705,166,166,0,1,2,0
Southern Maine,43.292,-70.573,-3.14,0.39,0.39,4261,163,163,0,1,2,0
Southern Maine,43.292,-70.573,-4.19,0.39,0.39,4193,211,211,0,1,2,0
Southern Maine,43.292,-70.573,-2.92,0.39,0.39,4062,164,164,0,1,2,0
Southern Maine,43.292,-70.573,-3.01,0.39,0.39,3801,163,163,0,1,2,0
Southern Maine,43.292,-70.573,-1.75,0.39,0.39,3573,127,127,0,1,2,0
Southern Maine,43.292,-70.573,-2.9,0.39,0.39,3521,159,159,0,1,2,0
Southern Maine,43.292,-70.573,-2.24,0.39,0.39,3274,193,193,0,1,2,0
Southern Maine,43.292,-70.573,-1.56,0.39,0.39,3262,183,183,0,1,2,0
Southern Maine,43.292,-70.573,-2.6,0.39,0.39,3255,192,192,0,1,2,0
Southern Maine,43.292,-70.573,-2.38,0.39,0.39,2557,192,192,0,1,2,0
Southern Maine,43.292,-70.573,-1.34,0.39,0.39,1990,114,114,0,1,2,0
Southern Maine,43.292,-70.573,-0.95,0.39,0.39,1403,113,113,0,1,2,0
Southern Maine,43.292,-70.573,-1.17,0.39,0.39,1253,108,108,0,1,2,0
Southern Maine,43.34,-70.541,-1.27,0.39,0.39,1046,122,122,0,1,2,0
Southern Maine,43.34,-70.541,-0.73,0.39,0.39,322,167,167,0,1,2,0
Southern Maine,43.964,-69.571,-15.31,0.4,0.4,7217,196,196,0,1,2,0
Southern Maine,43.752,-69.822,-4.13,0.4,0.4,5149,292,292,0,1,2,0
Southern Maine,43.752,-69.822,-3.09,0.4,0.4,4810,229,229,0,1,2,0
Southern Maine,43.292,-70.573,-2.8,0.4,0.4,4371,444,444,0,1,2,0
Southern Maine,43.742,-69.832,-1.71,0.4,0.4,2907,153,153,0,1,2,0
Southern Maine,43.752,-69.822,-1.89,0.4,0.4,2752,208,208,0,1,2,0
Southern Maine,42.428,-70.989,-1.94,0.4,0.4,2555,189,189,0,1,2,0
Southern Maine,42.428,-70.989,-1.38,0.4,0.4,1827,100,100,0,1,2,0
Southern Maine,42.428,-70.989,-0.95,0.4,0.4,931,127,127,0,1,2,0
Southern Maine,43.752,-69.822,-0.62,0.4,0.4,899,154,154,0,1,2,0
Southern Maine,42.428,-70.989,-0.73,0.4,0.4,234,234,234,0,1,2,0
Southern Maine,43.752,-69.822,-6.9,0.41,0.41,5747,146,146,0,1,2,0
Southern Maine,43.742,-69.832,-6.49,0.41,0.41,5695,201,201,0,1,2,0
Southern Maine,43.752,-69.822,-3.03,0.41,0.41,4164,236,236,0,1,2,0
Southern Maine,43.752,-69.822,-3.57,0.41,0.41,3768,379,379,0,1,2,0
Southern Maine,43.752,-69.822,-2.33,0.41,0.41,3707,123,123,0,1,2,0
Southern Maine,42.428,-70.989,-2.52,0.41,0.41,3228,148,148,0,1,2,0
Southern Maine,42.428,-70.989,-2.33,0.41,0.41,3138,190,190,0,1,2,0
Southern Maine,43.292,-70.573,-0.88,0.43,0.43,1080,148,148,0,1,2,0
Southern Maine,43.292,-70.573,-0.82,0.43,0.43,1049,119,119,0,1,2,0
Southern Maine,43.292,-70.573,-0.77,0.43,0.43,925,130,130,0,1,2,0
Southern Maine,43.292,-70.573,-0.68,0.43,0.43,786,114,114,0,1,2,0
Southern Maine,43.292,-70.573,-0.6,0.43,0.43,476,157,157,0,1,2,0
Southern Maine,43.292,-70.573,-0.53,0.43,0.43,246,246,246,0,1,2,0
Southern Maine,43.34,-70.541,-2.23,0.69,0.69,4997,268,268,0,1,2,0
Southern Maine,43.292,-70.573,-2.88,0.69,0.69,3892,188,188,0,1,2,0
Southern Maine,43.292,-70.573,-1.85,0.69,0.69,2551,189,189,0,1,2,0
Southern Maine,43.292,-70.573,-1.34,0.69,0.69,2208,142,142,0,1,2,0
Southern Maine,43.292,-70.573,-0.96,0.69,0.69,1683,133,133,0,1,2,0
Southern Maine,43.34,-70.541,-0.36,0.76,0.76,648,318,318,0,1,2,0
Southern Maine,42.719,-70.82,-1.49,0.77,0.77,415,91,91,0,1,2,0
Southern Maine,42.725,-70.856,-5.97,0.84,0.84,5779,117,117,0,1,2,0
Southern Maine,43.752,-69.822,-2,0.84,0.84,3004,207,207,0,1,2,0
Southern Maine,42.725,-70.856,-2.94,0.84,0.84,2969,189,189,0,1,2,0
Southern Maine,43.752,-69.822,-2.91,0.84,0.84,2563,196,196,0,1,2,0
Southern Maine,43.752,-69.822,-1.85,0.84,0.84,1420,134,134,0,1,2,0
Southern Maine,43.752,-69.822,-1.48,0.84,0.84,1192,118,118,0,1,2,0
Southern Maine,42.743,-70.84,-1.02,0.84,0.84,849,76,76,0,1,2,0
Southern Maine,42.725,-70.856,-1.12,0.84,0.84,731,49,49,0,1,2,0
Southern Maine,43.752,-69.822,-1.49,0.84,0.84,578,75,75,0,1,2,0
Southern Maine,42.745,-70.831,-1.37,0.84,0.84,529,23,23,0,1,2,0
Southern Maine,42.746,-70.823,-1.22,0.84,0.84,515,33,33,0,1,2,0
Southern Maine,42.729,-70.823,-1.74,0.84,0.84,425,110,110,0,1,2,0
Southern Maine,42.739,-70.839,-1.05,0.84,0.84,408,92,92,0,1,2,0
Southern Maine,42.729,-70.823,-0.88,0.84,0.84,303,149,149,0,1,2,0
Southern Maine,43.752,-69.822,-1,0.84,0.84,143,143,143,0,1,2,0
Southern Maine,44.176,-68.825,-2.26,0.94,0.94,3471,392,392,0,1,2,0
Southern Maine,44.176,-68.825,-1.51,0.94,0.94,2136,315,315,0,1,2,0
Southern Maine,42.732,-70.84,-0.44,0.95,0.95,140,140,140,0,1,2,0
Southern Maine,42.729,-70.839,-0.66,0.95,0.95,137,137,137,0,1,2,0
Southern Maine,42.745,-70.831,-3.13,1,1,4332,86,86,0,1,2,0
Southern Maine,42.744,-70.826,-2.4,1,1,3733,98,98,0,1,2,0
Southern Maine,42.739,-70.839,-1.88,1,1,2220,90,90,0,1,2,0
Southern Maine,42.739,-70.839,-1.16,1,1,1553,135,135,0,1,2,0
Southern Maine,42.739,-70.839,-0.66,1,1,1158,99,99,0,1,2,0
Southern Maine,43.752,-69.822,-1.48,1.08,1.08,2127,178,178,0,1,2,0
Southern Maine,42.5,-71.1,-1.4,1.13,1.13,2601,253,253,0,1,2,0
Southern Maine,43.32,-70.58,-2.06,0.16,0.16,5098,211,211,1,1,2,0
Southern Maine,43.32,-70.58,-1.23,0.26,0.26,5182,131,131,1,1,2,0
Southern Maine,42.346,-71.08,-2.95,0.26,0.26,4331,453,453,1,1,2,0
Southern Maine,43.32,-70.58,-1.23,0.26,0.26,3482,92,92,1,1,2,0
Southern Maine,42.4,-71.1,-6.33,0.27,0.27,6492,1177,1177,1,1,2,0
Southern Maine,42.351,-71.075,-7.12,0.27,0.27,6375,354,354,1,1,2,0
Southern Maine,43.32,-70.58,2.83,0.73,0.73,3158,401,401,1,1,2,0
Southern Maine,43.32,-70.58,3.9,0.73,0.73,2901,535,535,1,1,2,0
Southern Maine,44.176,-68.825,-0.52,0.8,0.8,4132,648,648,1,1,2,0
Southern Maine,42.75,-70.8,-5.2,0.95,0.95,5618,294,294,1,1,2,0
Southern Maine,42.75,-70.8,-2.49,0.95,0.95,4848,429,429,1,1,2,0
Southern Maine,42.75,-70.8,-1.56,0.95,0.95,3986,391,391,1,1,2,0
Southern Maine,42.75,-70.8,-0.95,0.95,0.95,3854,372,372,1,1,2,0
Southern Maine,42.75,-70.8,-0.6,0.95,0.95,3642,278,278,1,1,2,0
Southern Maine,42.75,-70.8,0.8,0.95,0.95,2474,289,289,1,1,2,0
Southern Maine,42.75,-70.8,-10.09,0.96,0.96,7131,333,333,1,1,2,0
Southern Maine,42.27,-71.05,0.22,0.96,0.96,3308,515,515,1,1,2,0
Southern Maine,42.27,-71.05,0.7,0.96,0.96,2873,508,508,1,1,2,0
Southern Maine,42.27,-71.05,1.31,0.96,0.96,2154,506,506,1,1,2,0
Southern Maine,42.27,-71.05,1.43,0.96,0.96,1788,246,246,1,1,2,0
Southern Maine,42.27,-71.05,1.74,0.96,0.96,1267,250,250,1,1,2,0
Southern Maine,42.27,-71.05,2.04,0.96,0.96,1188,199,199,1,1,2,0
Massachusetts,42.431,-71.008,-1.83,0.12,0.12,2598,149,149,0,1,3,1
Massachusetts,42.238,-70.778,-1.12,0.12,0.12,1487,78,78,0,1,3,1
Massachusetts,42.238,-70.778,-1.02,0.12,0.12,1443,74,74,0,1,3,1
Massachusetts,42.238,-70.778,-0.98,0.12,0.12,1331,40,40,0,1,3,1
Massachusetts,42.238,-70.778,-0.93,0.12,0.12,1279,61,61,0,1,3,1
Massachusetts,42.238,-70.778,-0.74,0.12,0.12,1243,96,96,0,1,3,1
Massachusetts,42.238,-70.778,-0.84,0.12,0.12,1222,101,101,0,1,3,1
Massachusetts,42.238,-70.778,-0.63,0.12,0.12,1018,100,100,0,1,3,1
Massachusetts,42.238,-70.778,-0.64,0.12,0.12,1009,54,54,0,1,3,1
Massachusetts,42.431,-71.008,-0.69,0.12,0.12,962,53,53,0,1,3,1
Massachusetts,42.238,-70.778,-0.59,0.12,0.12,953,68,68,0,1,3,1
Massachusetts,42.238,-70.778,-0.52,0.12,0.12,535,60,60,0,1,3,1
Massachusetts,42.238,-70.778,-0.49,0.12,0.12,464,91,91,0,1,3,1
Massachusetts,42.238,-70.778,-0.49,0.12,0.12,463,95,95,0,1,3,1
Massachusetts,42.238,-70.778,-0.42,0.12,0.12,350,90,90,0,1,3,1
Massachusetts,42.238,-70.778,-0.39,0.12,0.12,281,25,25,0,1,3,1
Massachusetts,42.238,-70.778,-0.35,0.12,0.12,250,50,50,0,1,3,1
Massachusetts,42.238,-70.778,-0.19,0.12,0.12,75,25,25,0,1,3,1
Massachusetts,42.238,-70.778,-0.05,0.12,0.12,20,10,10,0,1,3,1
Massachusetts,42.431,-71.008,-2.57,0.14,0.14,3260,104,104,0,1,3,1
Massachusetts,42.431,-71.008,-1.29,0.14,0.14,1813,90,90,0,1,3,1
Massachusetts,42.431,-71.008,-0.58,0.14,0.14,366,98,98,0,1,3,1
Massachusetts,42.431,-71.008,-2.25,0.16,0.16,3108,161,161,0,1,3,1
Massachusetts,41.55,-70.467,-10.43,0.71,0.71,3616,222,222,-1,1,3,0
Massachusetts,41.443,-70.722,-15.11,0.71,0.71,3538,220,220,-1,1,3,0
Massachusetts,41.55,-70.467,-10.63,0.71,0.71,3443,240,240,-1,1,3,0
Massachusetts,41.443,-70.722,-14.61,0.71,0.71,3333,264,264,-1,1,3,0
Massachusetts,41.408,-70.739,-27.65,0.75,0.75,9089,637,637,-1,1,3,0
Massachusetts,41.368,-70.867,-26.75,0.75,0.75,4491,1231,1231,-1,1,3,0
Massachusetts,41.302,-70.992,-33.77,0.77,0.77,10534,633,633,-1,1,3,0
Massachusetts,41.303,-70.992,-33.07,0.77,0.77,10259,1364,1364,-1,1,3,0
Massachusetts,41.243,-70.927,-32.17,0.77,0.77,853,369,369,-1,1,3,0
Massachusetts,41.317,-70.992,-35.78,0.78,0.78,10441,760,760,-1,1,3,0
Massachusetts,41.317,-70.922,-34.38,0.78,0.78,5354,487,487,-1,1,3,0
Massachusetts,41.3,-71,-37.42,3.15,3.15,9983,578,578,-1,1,3,0
Massachusetts,41.633,-70.333,-1.73,0.56,0.56,1590,526,526,0,1,3,0
Massachusetts,41.73,-70.3,-3.83,1.12,1.12,2178,273,273,0,1,3,0
Massachusetts,41.73,-70.3,-2.06,1.12,1.12,1334,184,184,0,1,3,0
Massachusetts,41.73,-70.32,-2.03,1.12,1.12,987,244,244,0,1,3,0
Massachusetts,41.73,-70.32,-1.63,1.12,1.12,662,122,122,0,1,3,0
Massachusetts,41.73,-70.3,-0.56,1.12,1.12,240,240,240,0,1,3,0
Massachusetts,41.7,-70.36,-6.48,1.34,1.34,4096,705,705,0,1,3,0
Massachusetts,41.71,-70.37,-6.04,1.34,1.34,3390,1106,1106,0,1,3,0
Massachusetts,41.71,-70.37,-5.12,1.34,1.34,3263,794,794,0,1,3,0
Massachusetts,41.7,-70.36,-3.61,1.34,1.34,2948,608,608,0,1,3,0
Massachusetts,41.71,-70.37,-2.83,1.34,1.34,2245,706,706,0,1,3,0
Massachusetts,41.71,-70.37,-1.83,1.34,1.34,1929,755,755,0,1,3,0
Massachusetts,41.7,-70.36,-4.74,1.34,1.34,1802,242,242,0,1,3,0
Massachusetts,41.71,-70.37,-0.91,1.34,1.34,1028,540,540,0,1,3,0
Massachusetts,41.7,-70.36,-0.33,1.34,1.34,735,180,180,0,1,3,0
Massachusetts,41.7,-70.36,-0.03,1.34,1.34,321,321,321,0,1,3,0
Massachusetts,41.7,-70.317,-0.12,1.34,1.34,238,238,238,0,1,3,0
Massachusetts,41.73,-70.38,-3.11,0.22,0.22,3426,804,804,1,1,3,0
Massachusetts,41.633,-70.333,-2,0.26,0.26,2170,537,537,1,1,3,0
Massachusetts,41.633,-70.333,-3.74,0.53,0.53,6281,674,674,1,1,3,0
Massachusetts,41.55,-70.633,-4.74,0.53,0.53,3688,287,287,1,1,3,0
Massachusetts,41.633,-70.333,-1.1,0.53,0.53,2062,641,641,1,1,3,0
Massachusetts,41.7,-70.317,1.46,0.53,0.53,368,368,368,1,1,3,0
Massachusetts,41.73,-70.38,-4.85,0.54,0.54,5512,883,883,1,1,3,0
Massachusetts,41.84,-69.97,-4.46,0.57,0.57,3725,250,250,1,1,3,0
Massachusetts,41.84,-69.97,-2.39,0.57,0.57,2382,323,323,1,1,3,0
Massachusetts,41.583,-70.383,-8.12,0.7,0.7,5261,207,207,1,1,3,0
Massachusetts,41.583,-70.4,-8.02,0.7,0.7,4844,117,117,1,1,3,0
Massachusetts,41.482,-70.86,-16.28,0.72,0.72,8454,574,574,1,1,3,0
Massachusetts,41.45,-70.937,-20.07,0.73,0.73,9156,739,739,1,1,3,0
Massachusetts,41.817,-70.085,-8.52,3.14,3.14,5373,801,801,1,1,3,0
Connecticut,41.331,-71.864,-0.91,0.08,0.08,614,33,33,0,1,4,1
Connecticut,41.331,-71.864,-0.78,0.08,0.08,537,27,27,0,1,4,1
Connecticut,41.331,-71.864,-0.82,0.08,0.08,509,41,41,0,1,4,1
Connecticut,41.331,-71.864,-0.69,0.08,0.08,389,82,82,0,1,4,1
Connecticut,41.331,-71.864,-0.63,0.1,0.1,380,86,86,0,1,4,1
Connecticut,41.331,-71.864,-0.53,0.1,0.1,296,27,27,0,1,4,1
Connecticut,41.331,-71.864,-0.47,0.1,0.1,237,13,13,0,1,4,1
Connecticut,41.331,-71.864,-0.42,0.1,0.1,161,9,9,0,1,4,1
Connecticut,41.331,-71.864,-0.4,0.1,0.1,125,25,25,0,1,4,1
Connecticut,41.331,-71.864,-0.32,0.1,0.1,75,25,25,0,1,4,1
Connecticut,41.276,-72.652,-2.37,0.32,0.32,2183,82,92,0,1,4,1
Connecticut,41.276,-72.652,-2.35,0.32,0.32,2167,79,86,0,1,4,1
Connecticut,41.276,-72.652,-2.34,0.32,0.32,2150,75,79,0,1,4,1
Connecticut,41.276,-72.652,-2.34,0.32,0.32,2134,72,72,0,1,4,1
Connecticut,41.276,-72.652,-2.34,0.32,0.32,2119,68,65,0,1,4,1
Connecticut,41.276,-72.652,-2.29,0.32,0.32,2111,65,61,0,1,4,1
Connecticut,41.276,-72.652,-2.34,0.32,0.32,2102,63,57,0,1,4,1
Connecticut,41.276,-72.652,-2.33,0.32,0.32,2080,60,55,0,1,4,1
Connecticut,41.276,-72.652,-2.27,0.32,0.32,2065,56,55,0,1,4,1
Connecticut,41.276,-72.652,-2.29,0.32,0.32,2050,53,55,0,1,4,1
Connecticut,41.276,-72.652,-2.3,0.32,0.32,2032,51,54,0,1,4,1
Connecticut,41.276,-72.652,-2.29,0.32,0.32,2014,48,53,0,1,4,1
Connecticut,41.276,-72.652,-2.21,0.32,0.32,2000,46,52,0,1,4,1
Connecticut,41.276,-72.652,-2.2,0.32,0.32,1987,44,50,0,1,4,1
Connecticut,41.276,-72.652,-2.17,0.32,0.32,1973,42,48,0,1,4,1
Connecticut,41.276,-72.652,-2.18,0.32,0.32,1956,46,47,0,1,4,1
Connecticut,41.276,-72.652,-2.2,0.32,0.32,1937,47,46,0,1,4,1
Connecticut,41.276,-72.652,-2.1,0.32,0.32,1919,48,45,0,1,4,1
Connecticut,41.276,-72.652,-2.14,0.32,0.32,1901,49,44,0,1,4,1
Connecticut,41.276,-72.652,-2.12,0.32,0.32,1876,51,44,0,1,4,1
Connecticut,41.276,-72.652,-2.1,0.32,0.32,1858,55,48,0,1,4,1
Connecticut,41.276,-72.652,-2.04,0.32,0.32,1840,58,51,0,1,4,1
Connecticut,41.276,-72.652,-1.98,0.32,0.32,1831,58,51,0,1,4,1
Connecticut,41.276,-72.652,-2.03,0.32,0.32,1822,57,52,0,1,4,1
Connecticut,41.276,-72.652,-2,0.32,0.32,1805,57,51,0,1,4,1
Connecticut,41.276,-72.652,-1.98,0.32,0.32,1786,56,49,0,1,4,1
Connecticut,41.276,-72.652,-1.95,0.32,0.32,1760,54,50,0,1,4,1
Connecticut,41.276,-72.652,-1.97,0.32,0.32,1741,56,55,0,1,4,1
Connecticut,41.276,-72.652,-1.95,0.32,0.32,1725,58,59,0,1,4,1
Connecticut,41.276,-72.652,-1.91,0.32,0.32,1708,56,59,0,1,4,1
Connecticut,41.276,-72.652,-1.92,0.32,0.32,1688,48,63,0,1,4,1
Connecticut,41.276,-72.652,-1.9,0.32,0.32,1662,47,69,0,1,4,1
Connecticut,41.276,-72.652,-1.92,0.32,0.32,1637,54,70,0,1,4,1
Connecticut,41.276,-72.652,-1.88,0.32,0.32,1628,59,72,0,1,4,1
Connecticut,41.276,-72.652,-1.87,0.32,0.32,1599,65,77,0,1,4,1
Connecticut,41.276,-72.652,-1.89,0.32,0.32,1579,66,78,0,1,4,1
Connecticut,41.276,-72.652,-1.85,0.32,0.32,1559,66,77,0,1,4,1
Connecticut,41.276,-72.652,-1.81,0.32,0.32,1538,64,73,0,1,4,1
Connecticut,41.276,-72.652,-1.77,0.32,0.32,1517,59,71,0,1,4,1
Connecticut,41.276,-72.652,-1.7,0.32,0.32,1496,55,65,0,1,4,1
Connecticut,41.276,-72.652,-1.78,0.32,0.32,1475,50,56,0,1,4,1
Connecticut,41.276,-72.652,-1.75,0.32,0.32,1446,44,50,0,1,4,1
Connecticut,41.276,-72.652,-1.7,0.32,0.32,1427,41,49,0,1,4,1
Connecticut,41.276,-72.652,-1.64,0.32,0.32,1408,37,45,0,1,4,1
Connecticut,41.276,-72.652,-1.67,0.32,0.32,1386,34,34,0,1,4,1
Connecticut,41.276,-72.652,-1.67,0.32,0.32,1361,37,32,0,1,4,1
Connecticut,41.276,-72.652,-1.69,0.32,0.32,1340,41,35,0,1,4,1
Connecticut,41.276,-72.652,-1.66,0.32,0.32,1322,44,38,0,1,4,1
Connecticut,41.276,-72.652,-1.59,0.32,0.32,1304,46,41,0,1,4,1
Connecticut,41.276,-72.652,-1.64,0.32,0.32,1286,47,38,0,1,4,1
Connecticut,41.276,-72.652,-1.62,0.32,0.32,1265,52,31,0,1,4,1
Connecticut,41.276,-72.652,-1.58,0.32,0.32,1244,56,32,0,1,4,1
Connecticut,41.276,-72.652,-1.54,0.32,0.32,1227,59,39,0,1,4,1
Connecticut,41.276,-72.652,-1.54,0.32,0.32,1209,60,47,0,1,4,1
Connecticut,41.276,-72.652,-1.46,0.32,0.32,1192,62,52,0,1,4,1
Connecticut,41.276,-72.652,-1.5,0.32,0.32,1175,66,56,0,1,4,1
Connecticut,41.276,-72.652,-1.43,0.32,0.32,1158,67,60,0,1,4,1
Connecticut,41.276,-72.652,-1.41,0.32,0.32,1141,66,64,0,1,4,1
Connecticut,41.276,-72.652,-1.43,0.32,0.32,1124,66,65,0,1,4,1
Connecticut,41.276,-72.652,-1.34,0.32,0.32,1107,66,65,0,1,4,1
Connecticut,41.276,-72.652,-1.32,0.32,0.32,1090,65,66,0,1,4,1
Connecticut,41.276,-72.652,-1.24,0.32,0.32,988,41,61,0,1,4,1
Connecticut,41.276,-72.652,-1.17,0.32,0.32,971,34,53,0,1,4,1
Connecticut,41.276,-72.652,-1.28,0.32,0.32,943,44,51,0,1,4,1
Connecticut,41.276,-72.652,-1.19,0.32,0.32,901,63,58,0,1,4,1
Connecticut,41.276,-72.652,-1.11,0.32,0.32,880,67,62,0,1,4,1
Connecticut,41.276,-72.652,-1.06,0.32,0.32,858,67,65,0,1,4,1
Connecticut,41.276,-72.652,-1.05,0.32,0.32,836,67,68,0,1,4,1
Connecticut,41.276,-72.652,-1.01,0.32,0.32,815,64,67,0,1,4,1
Connecticut,41.276,-72.652,-1.04,0.32,0.32,793,59,67,0,1,4,1
Connecticut,41.276,-72.652,-1.04,0.32,0.32,771,54,64,0,1,4,1
Connecticut,41.276,-72.652,-1.02,0.32,0.32,749,44,58,0,1,4,1
Connecticut,41.276,-72.652,-0.96,0.32,0.32,722,45,54,0,1,4,1
Connecticut,41.276,-72.652,-0.98,0.32,0.32,691,58,57,0,1,4,1
Connecticut,41.276,-72.652,-1.02,0.32,0.32,679,60,60,0,1,4,1
Connecticut,41.276,-72.652,-0.98,0.32,0.32,667,64,62,0,1,4,1
Connecticut,41.276,-72.652,-1.01,0.32,0.32,642,64,67,0,1,4,1
Connecticut,41.276,-72.652,-0.96,0.32,0.32,615,57,72,0,1,4,1
Connecticut,41.276,-72.652,-0.91,0.32,0.32,585,43,75,0,1,4,1
Connecticut,41.276,-72.652,-0.97,0.32,0.32,551,41,80,0,1,4,1
Connecticut,41.276,-72.652,-0.94,0.32,0.32,525,57,79,0,1,4,1
Connecticut,41.276,-72.652,-0.88,0.32,0.32,502,67,82,0,1,4,1
Connecticut,41.276,-72.652,-0.85,0.32,0.32,480,72,80,0,1,4,1
Connecticut,41.276,-72.652,-0.73,0.32,0.32,456,70,78,0,1,4,1
Connecticut,41.276,-72.652,-0.83,0.32,0.32,431,67,72,0,1,4,1
Connecticut,41.276,-72.652,-0.77,0.32,0.32,368,59,69,0,1,4,1
Connecticut,41.276,-72.652,-0.69,0.32,0.32,344,59,70,0,1,4,1
Connecticut,41.276,-72.652,-0.6,0.32,0.32,299,66,56,0,1,4,1
Connecticut,41.276,-72.652,-0.61,0.32,0.32,273,68,37,0,1,4,1
Connecticut,41.276,-72.652,-0.61,0.32,0.32,245,61,32,0,1,4,1
Connecticut,41.276,-72.652,-0.54,0.32,0.32,197,49,52,0,1,4,1
Connecticut,41.276,-72.652,-0.55,0.32,0.32,174,38,54,0,1,4,1
Connecticut,41.276,-72.652,-0.6,0.32,0.32,148,22,55,0,1,4,1
Connecticut,41.276,-72.652,-0.44,0.32,0.32,85,36,10,0,1,4,1
Connecticut,41.276,-72.652,-0.45,0.32,0.32,52,14,39,0,1,4,1
Connecticut,41.276,-72.652,-0.41,0.32,0.32,49,20,36,0,1,4,1
Connecticut,41.276,-72.652,-0.42,0.32,0.32,47,20,22,0,1,4,1
Connecticut,41.276,-72.652,-0.36,0.32,0.32,42,18,11,0,1,4,1
Connecticut,41.276,-72.652,-0.32,0.32,0.32,35,14,17,0,1,4,1
Connecticut,41.276,-72.652,-0.3,0.32,0.32,28,11,22,0,1,4,1
Connecticut,41.276,-72.652,-0.25,0.32,0.32,20,7,28,0,1,4,1
Connecticut,41.276,-72.652,-0.26,0.32,0.32,14,10,29,0,1,4,1
Connecticut,41.276,-72.652,-0.23,0.32,0.32,8,14,16,0,1,4,1
Connecticut,41.276,-72.652,-0.25,0.32,0.32,-1,13,13,0,1,4,1
Connecticut,41.276,-72.652,-0.19,0.32,0.32,-10,9,15,0,1,4,1
Connecticut,41.276,-72.652,-0.23,0.32,0.32,-15,6,12,0,1,4,1
Connecticut,41.276,-72.652,-0.27,0.32,0.32,-19,5,7,0,1,4,1
Connecticut,41.276,-72.652,-0.17,0.32,0.32,-22,4,8,0,1,4,1
Connecticut,41.276,-72.652,-0.24,0.32,0.32,-24,3,6,0,1,4,1
Connecticut,41.276,-72.652,-0.13,0.32,0.32,-26,3,4,0,1,4,1
Connecticut,41.276,-72.652,-0.1,0.32,0.32,-29,10,3,0,1,4,1
Connecticut,41.276,-72.652,-0.16,0.32,0.32,-31,23,2,0,1,4,1
Connecticut,41.269,-72.681,-0.73,0.52,0.52,593,71,71,0,1,4,1
Connecticut,41.269,-72.681,-0.35,0.52,0.52,141,141,141,0,1,4,1
Connecticut,41.269,-72.681,-1.11,0.63,0.63,409,102,102,0,1,4,1
Connecticut,41.269,-72.681,-1.44,0.66,0.66,1102,138,138,0,1,4,1
Connecticut,41.277,-72.641,-1.48,0.52,0.52,1620,201,201,0,1,4,1
Connecticut,41.277,-72.641,-0.63,0.52,0.52,627,95,95,0,1,4,1
Connecticut,41.277,-72.641,-0.35,0.52,0.52,214,214,214,0,1,4,1
Connecticut,41.277,-72.641,-2.03,0.63,0.63,1707,160,160,0,1,4,1
Connecticut,41.277,-72.641,-1.4,0.63,0.63,952,214,214,0,1,4,1
Connecticut,41.277,-72.641,-1.79,0.78,0.78,1133,155,155,0,1,4,1
Connecticut,41.265,-72.508,-1.26,0.26,0.26,1353,57,57,0,1,4,0
Connecticut,41.265,-72.508,-1.09,0.26,0.26,1275,96,96,0,1,4,0
Connecticut,41.265,-72.508,-0.41,0.26,0.26,575,73,73,0,1,4,0
Connecticut,41.265,-72.508,-0.67,0.26,0.26,572,75,75,0,1,4,0
Connecticut,41.265,-72.508,-0.56,0.26,0.26,438,96,96,0,1,4,0
Connecticut,41.265,-72.508,-0.53,0.26,0.26,415,95,95,0,1,4,0
Connecticut,41.265,-72.508,-0.27,0.26,0.26,398,90,90,0,1,4,0
Connecticut,41.265,-72.508,-0.07,0.26,0.26,152,152,152,0,1,4,0
Connecticut,41.265,-72.508,0.17,0.26,0.26,140,140,140,0,1,4,0
Connecticut,41.332,-71.864,-1.03,0.31,0.31,587,63,63,0,1,4,0
Connecticut,41.332,-71.864,-0.91,0.31,0.31,576,67,67,0,1,4,0
Connecticut,41.332,-71.864,-0.94,0.31,0.31,544,78,78,0,1,4,0
Connecticut,41.332,-71.864,-0.82,0.31,0.31,393,86,86,0,1,4,0
Connecticut,41.332,-71.864,-0.73,0.31,0.31,384,92,92,0,1,4,0
Connecticut,41.332,-71.864,-0.52,0.31,0.31,217,217,217,0,1,4,0
Connecticut,41.332,-71.864,-0.63,0.31,0.31,214,214,214,0,1,4,0
Connecticut,41.332,-71.864,-0.57,0.31,0.31,128,128,128,0,1,4,0
Connecticut,41.261,-72.849,-3.92,0.45,0.45,3301,80,80,0,1,4,0
Connecticut,41.25,-72.86,-3.08,0.45,0.45,2907,111,111,0,1,4,0
Connecticut,41.256,-72.839,-2.25,0.45,0.45,2148,153,153,0,1,4,0
Connecticut,41.251,-72.856,-1.57,0.45,0.45,1448,88,88,0,1,4,0
Connecticut,41.251,-72.856,-1.2,0.45,0.45,1066,105,105,0,1,4,0
Connecticut,41.265,-72.508,-1.39,0.45,0.45,1061,105,105,0,1,4,0
Connecticut,41.265,-72.508,-1.48,0.45,0.45,1000,63,63,0,1,4,0
Connecticut,41.265,-72.508,-1.23,0.45,0.45,559,57,57,0,1,4,0
Connecticut,41.265,-72.508,-1.03,0.45,0.45,412,93,93,0,1,4,0
Connecticut,41.265,-72.508,-1.04,0.45,0.45,402,96,96,0,1,4,0
Connecticut,41.265,-72.508,-0.51,0.45,0.45,148,148,148,0,1,4,0
Connecticut,41.266,-72.515,-1.86,0.51,0.51,1617,195,195,0,1,4,0
Connecticut,41.278,-72.65,-0.62,0.52,0.52,594,86,86,0,1,4,0
Connecticut,41.278,-72.65,-0.43,0.52,0.52,465,150,150,0,1,4,0
Connecticut,41.278,-72.65,-0.22,0.52,0.52,134,134,134,0,1,4,0
Connecticut,41.266,-72.515,-2.15,0.53,0.53,1720,103,103,0,1,4,0
Connecticut,41.278,-72.65,-1.61,0.63,0.63,985,190,190,0,1,4,0
Connecticut,41.278,-72.65,-0.8,0.63,0.63,148,148,148,0,1,4,0
Connecticut,41.278,-72.65,-0.77,0.63,0.63,141,141,141,0,1,4,0
Connecticut,41.266,-72.515,-1.57,0.76,0.76,1814,81,81,0,1,4,0
Connecticut,41.26,-72.35,-6.87,0.84,0.84,5446,463,463,0,1,4,0
Connecticut,41.26,-72.35,-6.57,0.84,0.84,5114,466,466,0,1,4,0
Connecticut,41.26,-72.35,-6.37,0.84,0.84,4247,609,609,0,1,4,0
Connecticut,41.2,-73,-5.27,0.97,0.97,3969,267,267,0,1,4,0
Connecticut,41.2,-73,-4.17,0.97,0.97,3781,308,308,0,1,4,0
Connecticut,41.2,-73,-3.2,0.97,0.97,3124,248,248,0,1,4,0
Connecticut,41.2,-73,-1.87,0.97,0.97,1441,422,422,0,1,4,0
Connecticut,41.265,-72.508,-0.42,0.16,0.16,1330,51,51,1,1,4,0
Connecticut,41.265,-72.508,-0.57,0.17,0.17,1176,100,100,1,1,4,0
Connecticut,41.265,-72.508,-0.26,0.17,0.17,1102,138,138,1,1,4,0
Connecticut,41.265,-72.508,-0.48,0.17,0.17,1000,63,63,1,1,4,0
Connecticut,41.265,-72.508,-0.26,0.17,0.17,925,127,127,1,1,4,0
Connecticut,41.265,-72.508,-0.08,0.17,0.17,567,60,60,1,1,4,0
Connecticut,41.265,-72.508,-0.14,0.17,0.17,567,60,60,1,1,4,0
Connecticut,41.265,-72.508,-0.14,0.17,0.17,484,150,150,1,1,4,0
Connecticut,41.265,-72.508,0,0.17,0.17,436,105,105,1,1,4,0
Connecticut,41.265,-72.508,0.14,0.17,0.17,429,111,111,1,1,4,0
Connecticut,41.265,-72.508,0.09,0.17,0.17,426,109,109,1,1,4,0
Connecticut,41.265,-72.508,0.01,0.17,0.17,410,95,95,1,1,4,0
Connecticut,41.265,-72.508,0.2,0.17,0.17,404,96,96,1,1,4,0
Connecticut,41.265,-72.508,0.3,0.17,0.17,231,231,231,1,1,4,0
Connecticut,41.265,-72.508,0.36,0.17,0.17,214,214,214,1,1,4,0
Connecticut,41.265,-72.508,0.22,0.17,0.17,213,213,213,1,1,4,0
Connecticut,41.265,-72.508,0.43,0.17,0.17,153,153,153,1,1,4,0
Connecticut,41.265,-72.508,-5.97,0.22,0.22,5450,131,131,1,1,4,0
Connecticut,41.265,-72.508,-4.93,0.22,0.22,4872,159,159,1,1,4,0
Connecticut,41.265,-72.508,-3.8,0.22,0.22,4365,204,204,1,1,4,0
Connecticut,41.265,-72.508,-7.35,0.23,0.23,6692,189,189,1,1,4,0
Connecticut,41.265,-72.508,-8.48,0.23,0.23,6321,115,115,1,1,4,0
Connecticut,41.265,-72.508,-7.28,0.23,0.23,6100,167,167,1,1,4,0
Connecticut,41.28,-72.48,-8.22,0.24,0.24,6062,122,122,1,1,4,0
Connecticut,41.266,-72.515,-0.4,0.3,0.3,1503,212,212,1,1,4,0
Connecticut,41.266,-72.515,0.2,0.3,0.3,811,113,113,1,1,4,0
Connecticut,41.266,-72.515,0.15,0.32,0.32,652,83,83,1,1,4,0
Connecticut,41.266,-72.515,0.58,0.32,0.32,135,135,135,1,1,4,0
Connecticut,41.37,-71.95,-3.6,0.4,0.4,2978,630,630,1,1,4,0
Connecticut,41.265,-72.508,-7.11,0.48,0.48,5475,413,413,1,1,4,0
Connecticut,41.27,-72.66,0.03,0.48,0.48,1116,160,160,1,1,4,0
Connecticut,41.25,-72.81,0.36,0.48,0.48,820,246,246,1,1,4,0
Connecticut,41.269,-72.681,-0.08,0.48,0.48,716,183,183,1,1,4,0
Connecticut,41.265,-72.508,-4.5,0.49,0.49,3849,371,371,1,1,4,0
Connecticut,41.265,-72.508,-3.6,0.49,0.49,3756,393,393,1,1,4,0
Connecticut,41.16,-72.31,-8.94,0.5,0.5,7912,239,239,1,1,4,0
Connecticut,41.265,-72.508,-9.69,0.5,0.5,7021,227,227,1,1,4,0
Connecticut,41.265,-72.508,-4.77,0.5,0.5,5612,287,287,1,1,4,0
Connecticut,41.265,-72.508,-2.27,0.5,0.5,3465,220,220,1,1,4,0
Connecticut,41.3,-72.75,-9.08,0.51,0.51,6773,469,469,1,1,4,0
Connecticut,41.265,-72.508,-1.56,0.51,0.51,3196,241,241,1,1,4,0
Connecticut,41.34,-72.88,-4.37,0.56,0.56,7660,322,322,1,1,4,0
New York,41.025,-73.9,-5.26,0.81,0.81,3207,248,248,0,1,5,0
New York,41.093,-73.886,-11.97,0.11,0.11,2169,166,166,-1,1,5,0
New York,41.136,-73.894,-11.4,0.12,0.12,3230,182,182,-1,1,5,0
New York,41.048,-73.896,-8.18,0.12,0.12,3212,190,190,-1,1,5,0
New York,41.056,-73.896,-8.54,0.12,0.12,3063,199,199,-1,1,5,0
New York,41.056,-73.896,-6.57,0.12,0.12,2541,187,187,-1,1,5,0
New York,40.726,-74.011,-23.25,0.59,0.59,5812,377,377,-1,1,5,0
New York,41.229,-73.931,-6.61,0.8,0.8,5229,351,351,0,1,5,0
New York,41.299,-73.947,-9.31,0.8,0.8,5223,357,357,0,1,5,0
New York,41.229,-73.931,-6.81,0.8,0.8,5154,294,294,0,1,5,0
New York,41.611,-73.966,-5.81,0.8,0.8,5010,573,573,0,1,5,0
New York,41.411,-73.948,-5.96,0.8,0.8,4589,272,272,0,1,5,0
New York,41.244,-73.968,-5.81,0.8,0.8,4187,611,611,0,1,5,0
New York,41.299,-73.947,-4.02,0.8,0.8,3374,425,425,0,1,5,0
New York,41.299,-73.947,-4.81,0.8,0.8,3347,469,469,0,1,5,0
New York,41.244,-73.968,-3.21,0.8,0.8,3280,284,284,0,1,5,0
New York,41.611,-73.966,-4.11,0.8,0.8,3160,288,288,0,1,5,0
New York,41.299,-73.947,-1.95,0.8,0.8,2579,265,265,0,1,5,0
New York,41.411,-73.948,-3.71,0.8,0.8,2415,298,298,0,1,5,0
New York,41.025,-73.9,-2.81,0.8,0.8,2346,396,396,0,1,5,0
New York,41.611,-73.966,-3.11,0.8,0.8,2342,600,600,0,1,5,0
New York,41.229,-73.931,-2.51,0.8,0.8,1783,214,214,0,1,5,0
New York,41.025,-73.9,-8.35,0.81,0.81,5280,306,306,0,1,5,0
New York,41.611,-73.966,-7.21,0.81,0.81,4862,421,421,0,1,5,0
New York,41.411,-73.948,-7.51,0.81,0.81,4844,421,421,0,1,5,0
New York,41.299,-73.947,-8.81,0.81,0.81,4649,931,931,0,1,5,0
New York,41.299,-73.947,-6.76,0.81,0.81,4395,417,417,0,1,5,0
New York,41.025,-73.9,-5.66,0.81,0.81,4181,616,616,0,1,5,0
New York,41.025,-73.9,-4.86,0.81,0.81,3725,250,250,0,1,5,0
New York,41.299,-73.947,-5.56,0.81,0.81,3591,249,249,0,1,5,0
New York,41.292,-73.947,-4.31,0.81,0.81,3403,425,425,0,1,5,0
New York,41.225,-73.967,-3.46,0.81,0.81,3268,289,289,0,1,5,0
New York,41.025,-73.9,-4.56,0.81,0.81,3135,253,253,0,1,5,0
New York,41.225,-73.967,-2.56,0.81,0.81,2681,314,314,0,1,5,0
New York,41.025,-73.9,-4.56,0.81,0.81,2639,319,319,0,1,5,0
New York,41.025,-73.9,-3.06,0.81,0.81,2006,300,300,0,1,5,0
New York,41.225,-73.967,-2.56,0.81,0.81,1946,339,339,0,1,5,0
New York,41.225,-73.967,-1.76,0.81,0.81,1644,229,229,0,1,5,0
New York,41.025,-73.9,-1.46,0.81,0.81,1313,250,250,0,1,5,0
New York,41.225,-73.967,-0.76,0.81,0.81,744,184,184,0,1,5,0
New York,41.025,-73.9,-11.16,0.82,0.82,6054,387,387,0,1,5,0
New York,41.025,-73.9,-7.71,0.82,0.82,4173,248,248,0,1,5,0
New York,41.225,-73.967,-5.21,0.82,0.82,3961,321,321,0,1,5,0
New York,41.025,-73.9,-6.74,0.82,0.82,3571,350,350,0,1,5,0
New York,41.225,-73.967,-3.31,0.82,0.82,3199,248,248,0,1,5,0
New York,41.225,-73.967,-3.61,0.82,0.82,2811,349,349,0,1,5,0
New York,41.225,-73.967,-3.34,0.82,0.82,2293,395,395,0,1,5,0
New York,41.406,-73.948,-1.8,0.82,0.82,2146,323,323,0,1,5,0
New York,41.025,-73.9,-9.71,0.83,0.83,5379,331,331,0,1,5,0
New York,41.406,-73.942,-9.46,0.83,0.83,5273,381,381,0,1,5,0
New York,41.299,-73.947,-7.64,0.83,0.83,5063,523,523,0,1,5,0
New York,41.611,-73.966,-8.31,0.83,0.83,5031,549,549,0,1,5,0
New York,41.025,-73.9,-9.37,0.83,0.83,4845,744,744,0,1,5,0
New York,41.406,-73.942,-3.06,0.83,0.83,2534,219,219,0,1,5,0
New York,41.025,-73.9,-11.16,0.84,0.84,6244,311,311,0,1,5,0
New York,41.406,-73.942,-6.26,0.84,0.84,4147,365,365,0,1,5,0
New York,41.406,-73.942,-4.86,0.84,0.84,3392,308,308,0,1,5,0
New York,40.717,-74,-13.22,0.25,0.25,7382,199,199,1,1,5,0
New York,41.025,-73.9,-3.93,0.53,0.53,3817,328,328,1,1,5,0
New York,41.299,-73.947,-9.67,0.54,0.54,7113,306,306,1,1,5,0
New York,41.299,-73.947,-7.47,0.54,0.54,6236,308,308,1,1,5,0
New York,41.299,-73.947,-5.74,0.54,0.54,5321,272,272,1,1,5,0
New York,41.225,-73.967,-2.02,0.54,0.54,3058,290,290,1,1,5,0
New York,41.299,-73.947,-1.22,0.54,0.54,2436,283,283,1,1,5,0
New York,41.406,-73.942,0.03,0.54,0.54,2421,1138,1138,1,1,5,0
New York,41.406,-73.942,-1.02,0.54,0.54,1352,206,206,1,1,5,0
New York,41.406,-73.948,-6.85,0.56,0.56,6882,595,595,1,1,5,0
New York,41.025,-73.9,-10.47,0.59,0.59,7728,434,434,1,1,5,0
New York,40.726,-74.016,-20.44,0.62,0.62,8521,470,470,1,1,5,0
New York,40.725,-74.011,-18.18,0.63,0.63,9103,374,374,1,1,5,0
New York,40.726,-74.012,-21.87,0.64,0.64,10384,703,703,1,1,5,0
New York,40.724,-74.016,-20.27,0.64,0.64,10242,810,810,1,1,5,0
New York,40.725,-74.016,-23.36,0.65,0.65,9770,461,461,1,1,5,0
New York,40.741,-74.011,-23.36,0.65,0.65,8883,512,512,1,1,5,0
New York,40.723,-74.016,-20.29,0.67,0.67,9854,368,368,1,1,5,0
New York,40.761,-74.013,-35.5,0.71,0.71,10863,338,338,1,1,5,0
Long Island,40.9,-72.617,-1.19,0.54,0.54,870,305,305,0,1,6,0
Long Island,41.046,-72.314,-1.23,0.55,0.55,801,256,256,0,1,6,0
Long Island,40.617,-73.383,-10.59,0.74,0.74,5881,296,296,0,1,6,0
Long Island,40.65,-73.517,-1.61,0.74,0.74,952,220,220,0,1,6,0
Long Island,40.65,-73.517,-0.76,0.74,0.74,259,259,259,0,1,6,0
Long Island,41.023,-72.603,-16.98,0.79,0.79,8347,290,290,0,1,6,0
Long Island,40.8,-73.8,-15.51,0.82,0.82,8874,892,892,0,1,6,0
Long Island,40.796,-73.831,-18.11,0.82,0.82,7243,226,226,0,1,6,0
Long Island,40.796,-73.831,-12.76,0.82,0.82,6428,420,420,0,1,6,0
Long Island,40.796,-73.831,-17.76,0.83,0.83,7955,438,438,0,1,6,0
Long Island,40.796,-73.831,-19.81,0.84,0.84,8973,329,329,0,1,6,0
Long Island,40.949,-73.395,-1.34,0.91,0.91,1506,214,214,0,1,6,0
Long Island,40.949,-73.395,-4.84,0.92,0.92,2556,196,196,0,1,6,0
Long Island,40.868,-73.793,-1.99,0.92,0.92,1727,200,200,0,1,6,0
Long Island,40.942,-73.481,-0.84,0.92,0.92,737,189,189,0,1,6,0
Long Island,40.942,-73.481,-2.05,0.92,0.92,734,219,219,0,1,6,0
Long Island,40.942,-73.481,-2.04,0.92,0.92,693,211,211,0,1,6,0
Long Island,40.949,-73.395,-0.64,0.92,0.92,321,321,321,0,1,6,0
Long Island,40.949,-73.031,-4.57,1.01,1.01,2130,227,227,0,1,6,0
Long Island,40.87,-73.79,-1.88,0.16,0.16,2908,544,544,1,1,6,0
Long Island,40.46,-74.18,-0.88,0.16,0.16,2785,422,422,1,1,6,0
Long Island,40.9,-72.617,-2.77,0.42,0.42,8997,401,401,1,1,6,0
Long Island,41.046,-72.314,-5.96,0.42,0.42,3924,364,364,1,1,6,0
Long Island,41.192,-72.192,-11.87,0.8,0.8,7465,205,205,1,1,6,0
Long Island,40.748,-72.447,-10.39,0.8,0.8,6379,248,248,1,1,6,0
New Jersey,39.086,-74.812,-1.05,0.12,0.12,356,30,30,0,1,7,1
New Jersey,39.086,-74.812,-1.12,0.14,0.14,429,40,40,0,1,7,1
New Jersey,39.086,-74.812,-1.1,0.14,0.14,418,38,38,0,1,7,1
New Jersey,39.086,-74.812,-1.75,0.16,0.16,926,35,35,0,1,7,1
New Jersey,39.086,-74.812,-1.13,0.16,0.16,441,42,42,0,1,7,1
New Jersey,39.086,-74.812,-1.44,0.18,0.18,695,21,21,0,1,7,1
New Jersey,39.086,-74.812,-1.42,0.18,0.18,656,39,39,0,1,7,1
New Jersey,39.086,-74.812,-1.4,0.18,0.18,632,46,46,0,1,7,1
New Jersey,39.086,-74.812,-1,0.18,0.18,346,30,30,0,1,7,1
New Jersey,39.086,-74.812,-0.97,0.18,0.18,338,27,27,0,1,7,1
New Jersey,39.086,-74.812,-0.91,0.18,0.18,289,12,12,0,1,7,1
New Jersey,39.086,-74.812,-0.5,0.18,0.18,46,15,15,0,1,7,1
New Jersey,39.086,-74.812,-0.49,0.18,0.18,43,15,15,0,1,7,1
New Jersey,39.086,-74.812,-1.78,0.2,0.2,956,28,28,0,1,7,1
New Jersey,39.086,-74.812,-1.77,0.2,0.2,941,31,31,0,1,7,1
New Jersey,39.086,-74.812,-1.48,0.2,0.2,724,30,30,0,1,7,1
New Jersey,39.086,-74.812,-0.75,0.2,0.2,165,49,49,0,1,7,1
New Jersey,39.086,-74.812,-0.71,0.2,0.2,147,45,45,0,1,7,1
New Jersey,39.086,-74.812,-0.66,0.2,0.2,89,7,7,0,1,7,1
New Jersey,39.086,-74.812,-1.7,0.22,0.22,914,37,37,0,1,7,1
New Jersey,39.086,-74.812,-1.68,0.22,0.22,885,37,37,0,1,7,1
New Jersey,39.086,-74.812,-0.88,0.22,0.22,263,22,22,0,1,7,1
New Jersey,39.086,-74.812,-0.85,0.22,0.22,250,23,23,0,1,7,1
New Jersey,39.086,-74.812,-0.83,0.22,0.22,223,32,32,0,1,7,1
New Jersey,39.086,-74.812,-0.79,0.22,0.22,194,48,48,0,1,7,1
New Jersey,39.086,-74.812,-0.68,0.22,0.22,121,30,30,0,1,7,1
New Jersey,39.086,-74.812,-0.59,0.22,0.22,83,7,7,0,1,7,1
New Jersey,39.086,-74.812,-0.55,0.22,0.22,68,8,8,0,1,7,1
New Jersey,39.086,-74.812,-1.79,0.24,0.24,981,24,24,0,1,7,1
New Jersey,39.086,-74.812,-1.6,0.24,0.24,831,49,49,0,1,7,1
New Jersey,39.086,-74.812,-1.35,0.24,0.24,627,48,48,0,1,7,1
New Jersey,39.086,-74.812,-0.61,0.24,0.24,86,8,8,0,1,7,1
New Jersey,39.086,-74.812,-0.57,0.24,0.24,77,6,6,0,1,7,1
New Jersey,39.086,-74.812,-0.45,0.24,0.24,39,15,15,0,1,7,1
New Jersey,39.086,-74.812,-0.43,0.24,0.24,38,14,14,0,1,7,1
New Jersey,39.086,-74.812,-0.4,0.24,0.24,25,8,8,0,1,7,1
New Jersey,39.086,-74.812,-0.35,0.24,0.24,3,9,9,0,1,7,1
New Jersey,39.086,-74.812,-0.17,0.24,0.24,-38,6,6,0,1,7,1
New Jersey,39.086,-74.812,-1.6,0.26,0.26,842,46,46,0,1,7,1
New Jersey,39.086,-74.812,-1.43,0.26,0.26,712,26,26,0,1,7,1
New Jersey,39.086,-74.812,-0.91,0.26,0.26,305,15,15,0,1,7,1
New Jersey,39.086,-74.812,-0.36,0.26,0.26,16,6,6,0,1,7,1
New Jersey,39.086,-74.812,-0.36,0.26,0.26,9,8,8,0,1,7,1
New Jersey,39.086,-74.812,-0.33,0.26,0.26,-4,10,10,0,1,7,1
New Jersey,39.086,-74.812,-0.32,0.26,0.26,-9,8,8,0,1,7,1
New Jersey,39.086,-74.812,-0.31,0.26,0.26,-12,7,7,0,1,7,1
New Jersey,39.086,-74.812,-0.25,0.26,0.26,-28,2,2,0,1,7,1
New Jersey,39.086,-74.812,-0.22,0.26,0.26,-33,4,4,0,1,7,1
New Jersey,39.086,-74.812,-0.21,0.26,0.26,-36,5,5,0,1,7,1
New Jersey,39.086,-74.812,-0.19,0.26,0.26,-37,5,5,0,1,7,1
New Jersey,39.086,-74.812,-1.54,0.28,0.28,815,47,47,0,1,7,1
New Jersey,39.086,-74.812,-1.51,0.28,0.28,796,36,36,0,1,7,1
New Jersey,39.086,-74.812,-1.5,0.28,0.28,769,27,27,0,1,7,1
New Jersey,39.086,-74.812,-1.48,0.28,0.28,741,29,29,0,1,7,1
New Jersey,39.086,-74.812,-0.7,0.28,0.28,160,51,51,0,1,7,1
New Jersey,39.086,-74.812,-0.53,0.28,0.28,73,8,8,0,1,7,1
New Jersey,39.086,-74.812,-0.49,0.28,0.28,63,9,9,0,1,7,1
New Jersey,39.086,-74.812,-0.29,0.28,0.28,-15,8,8,0,1,7,1
New Jersey,39.086,-74.812,-0.27,0.28,0.28,-21,4,4,0,1,7,1
New Jersey,39.086,-74.812,-0.46,0.3,0.3,56,10,10,0,1,7,1
New Jersey,39.086,-74.812,-0.28,0.3,0.3,-17,7,7,0,1,7,1
New Jersey,39.086,-74.812,-0.27,0.3,0.3,-19,6,6,0,1,7,1
New Jersey,39.086,-74.812,-0.13,0.3,0.3,-39,5,5,0,1,7,1
New Jersey,39.086,-74.812,-0.37,0.32,0.32,35,12,12,0,1,7,1
New Jersey,39.086,-74.812,-0.2,0.36,0.36,-25,3,3,0,1,7,1
New Jersey,39.086,-74.812,-0.08,0.36,0.36,-41,4,4,0,1,7,1
New Jersey,39.086,-74.812,-0.05,0.38,0.38,-43,4,4,0,1,7,1
New Jersey,39.086,-74.812,-0.04,0.4,0.4,-45,4,4,0,1,7,1
New Jersey,39.496,-74.418,-3.91,0.06,0.06,2289,32,32,0,1,7,1
New Jersey,39.496,-74.418,-3.74,0.08,0.08,2257,36,36,0,1,7,1
New Jersey,39.496,-74.418,-3.73,0.08,0.08,2214,34,34,0,1,7,1
New Jersey,39.496,-74.418,-3.42,0.08,0.08,1969,102,102,0,1,7,1
New Jersey,39.496,-74.418,-3.88,0.1,0.1,2269,34,34,0,1,7,1
New Jersey,39.496,-74.418,-3.69,0.1,0.1,2190,31,31,0,1,7,1
New Jersey,39.496,-74.418,-4.02,0.12,0.12,2405,43,43,0,1,7,1
New Jersey,39.496,-74.418,-3.79,0.12,0.12,2242,38,38,0,1,7,1
New Jersey,39.496,-74.418,-3.89,0.14,0.14,2264,34,34,0,1,7,1
New Jersey,39.496,-74.418,-1.64,0.14,0.14,777,106,106,0,1,7,1
New Jersey,39.496,-74.418,-1.46,0.14,0.14,664,73,73,0,1,7,1
New Jersey,39.496,-74.418,-3.84,0.16,0.16,2251,37,37,0,1,7,1
New Jersey,39.496,-74.418,-1.5,0.16,0.16,702,88,88,0,1,7,1
New Jersey,39.496,-74.418,-2.62,0.18,0.18,1436,40,40,0,1,7,1
New Jersey,39.496,-74.418,-2.12,0.18,0.18,1183,36,36,0,1,7,1
New Jersey,39.496,-74.418,-1.99,0.18,0.18,1115,48,48,0,1,7,1
New Jersey,39.496,-74.418,-1.92,0.18,0.18,1079,47,47,0,1,7,1
New Jersey,39.496,-74.418,-1.89,0.18,0.18,1043,45,45,0,1,7,1
New Jersey,39.496,-74.418,-1.83,0.18,0.18,983,37,37,0,1,7,1
New Jersey,39.496,-74.418,-1.29,0.18,0.18,487,20,20,0,1,7,1
New Jersey,39.496,-74.418,-2.63,0.2,0.2,1445,39,39,0,1,7,1
New Jersey,39.496,-74.418,-2.6,0.2,0.2,1428,39,39,0,1,7,1
New Jersey,39.496,-74.418,-2.38,0.2,0.2,1365,20,20,0,1,7,1
New Jersey,39.496,-74.418,-2.37,0.2,0.2,1346,28,28,0,1,7,1
New Jersey,39.496,-74.418,-2.3,0.2,0.2,1284,17,17,0,1,7,1
New Jersey,39.496,-74.418,-2.28,0.2,0.2,1265,19,19,0,1,7,1
New Jersey,39.496,-74.418,-2.24,0.2,0.2,1251,24,24,0,1,7,1
New Jersey,39.496,-74.418,-2.21,0.2,0.2,1242,28,28,0,1,7,1
New Jersey,39.496,-74.418,-2.13,0.2,0.2,1203,26,26,0,1,7,1
New Jersey,39.496,-74.418,-2.09,0.2,0.2,1163,44,44,0,1,7,1
New Jersey,39.496,-74.418,-2.06,0.2,0.2,1146,49,49,0,1,7,1
New Jersey,39.496,-74.418,-1.84,0.2,0.2,1011,37,37,0,1,7,1
New Jersey,39.496,-74.418,-1.78,0.2,0.2,921,46,46,0,1,7,1
New Jersey,39.496,-74.418,-1.3,0.2,0.2,530,40,40,0,1,7,1
New Jersey,39.496,-74.418,-2.71,0.22,0.22,1469,36,36,0,1,7,1
New Jersey,39.496,-74.418,-2.69,0.22,0.22,1460,40,40,0,1,7,1
New Jersey,39.496,-74.418,-2.54,0.22,0.22,1417,35,35,0,1,7,1
New Jersey,39.496,-74.418,-2.47,0.22,0.22,1399,27,27,0,1,7,1
New Jersey,39.496,-74.418,-2.42,0.22,0.22,1386,22,22,0,1,7,1
New Jersey,39.496,-74.418,-2.39,0.22,0.22,1377,19,19,0,1,7,1
New Jersey,39.496,-74.418,-2.33,0.22,0.22,1324,32,32,0,1,7,1
New Jersey,39.496,-74.418,-2.17,0.22,0.22,1218,30,30,0,1,7,1
New Jersey,39.496,-74.418,-2.03,0.22,0.22,1131,49,49,0,1,7,1
New Jersey,39.496,-74.418,-1.93,0.22,0.22,1101,41,41,0,1,7,1
New Jersey,39.496,-74.418,-1.78,0.22,0.22,940,35,35,0,1,7,1
New Jersey,39.496,-74.418,-2.73,0.24,0.24,1493,28,28,0,1,7,1
New Jersey,39.496,-74.418,-2.72,0.24,0.24,1480,30,30,0,1,7,1
New Jersey,39.496,-74.418,-2.72,0.24,0.24,1473,34,34,0,1,7,1
New Jersey,39.496,-74.418,-2.51,0.24,0.24,1412,33,33,0,1,7,1
New Jersey,39.496,-74.418,-2.18,0.24,0.24,1230,29,29,0,1,7,1
New Jersey,39.496,-74.418,-4.13,0.3,0.3,2426,54,54,0,1,7,1
New Jersey,39.496,-74.418,-4.08,0.3,0.3,2351,37,37,0,1,7,1
New Jersey,39.496,-74.418,-4.01,0.3,0.3,2279,33,33,0,1,7,1
New Jersey,39.496,-74.418,-3.73,0.3,0.3,2150,31,31,0,1,7,1
New Jersey,39.496,-74.418,-3.68,0.3,0.3,2074,90,90,0,1,7,1
New Jersey,39.496,-74.418,-3.63,0.3,0.3,2037,109,109,0,1,7,1
New Jersey,39.496,-74.418,-3.58,0.3,0.3,2003,113,113,0,1,7,1
New Jersey,39.496,-74.418,-3.56,0.3,0.3,1990,111,111,0,1,7,1
New Jersey,39.496,-74.418,-3.26,0.32,0.32,1923,80,80,0,1,7,1
New Jersey,39.496,-74.418,-3.2,0.32,0.32,1802,46,46,0,1,7,1
New Jersey,39.496,-74.418,-3,0.32,0.32,1639,42,42,0,1,7,1
New Jersey,39.496,-74.418,-2.86,0.32,0.32,1615,38,38,0,1,7,1
New Jersey,39.496,-74.418,-2.76,0.32,0.32,1563,36,36,0,1,7,1
New Jersey,39.496,-74.418,-2.63,0.32,0.32,1546,32,32,0,1,7,1
New Jersey,39.496,-74.418,-2.63,0.32,0.32,1541,30,30,0,1,7,1
New Jersey,39.496,-74.418,-2.59,0.34,0.34,1452,40,40,0,1,7,1
New Jersey,39.496,-74.418,-2.64,0.5,0.5,1526,30,30,0,1,7,1
New Jersey,39.305,-74.585,-5.15,0.18,0.18,2480,166,166,-1,1,7,0
New Jersey,39.305,-74.585,-4.54,0.18,0.18,2078,157,157,-1,1,7,0
New Jersey,39.304,-74.588,-3.6,0.18,0.18,1759,198,198,-1,1,7,0
New Jersey,39.305,-74.585,-6.98,0.19,0.19,3517,141,141,-1,1,7,0
New Jersey,39.304,-74.588,-5.18,0.19,0.19,2530,190,190,-1,1,7,0
New Jersey,40.439,-74.273,-10.29,0.59,0.59,4284,1162,1162,-1,1,7,0
New Jersey,39.495,-74.418,-3.03,0.28,0.28,1452,69,69,0,1,7,0
New Jersey,39.495,-74.418,-2.93,0.28,0.28,1448,-69,-69,0,1,7,0
New Jersey,39.495,-74.418,-2.7,0.28,0.28,1378,29,29,0,1,7,0
New Jersey,39.495,-74.418,-2.43,0.28,0.28,1205,58,58,0,1,7,0
New Jersey,39.495,-74.418,-2.23,0.28,0.28,1116,112,112,0,1,7,0
New Jersey,39.495,-74.418,-2.09,0.28,0.28,860,66,66,0,1,7,0
New Jersey,39.495,-74.418,-1.52,0.28,0.28,380,72,72,0,1,7,0
New Jersey,39.51,-74.32,-5.11,0.31,0.31,3041,115,115,0,1,7,0
New Jersey,39.51,-74.32,-1.45,0.31,0.31,1133,124,124,0,1,7,0
New Jersey,39.417,-74.256,-17.37,0.6,0.6,8491,90,90,0,1,7,0
New Jersey,39.417,-74.256,-17.62,0.6,0.6,7960,211,211,0,1,7,0
New Jersey,39.803,-74.094,-10.38,0.67,0.67,6415,468,468,0,1,7,0
New Jersey,39.42,-74.354,-2.6,0.68,0.68,1335,51,51,0,1,7,0
New Jersey,39.42,-74.354,-0.82,0.68,0.68,468,149,149,0,1,7,0
New Jersey,39.42,-74.354,-0.96,0.68,0.68,398,90,90,0,1,7,0
New Jersey,39.42,-74.354,-1.7,0.68,0.68,231,231,231,0,1,7,0
New Jersey,39.42,-74.354,-0.85,0.68,0.68,213,213,213,0,1,7,0
New Jersey,39.426,-74.39,-12.95,0.77,0.77,6702,249,249,0,1,7,0
New Jersey,39.479,-74.419,-7.35,0.77,0.77,4223,294,294,0,1,7,0
New Jersey,39.561,-74.349,-4.05,0.77,0.77,3177,298,298,0,1,7,0
New Jersey,39.483,-74.424,-4.65,0.77,0.77,3158,229,229,0,1,7,0
New Jersey,39.485,-74.426,-2.55,0.77,0.77,1821,101,101,0,1,7,0
New Jersey,39.454,-74.405,-10.25,0.78,0.78,5479,164,164,0,1,7,0
New Jersey,39.522,-74.324,-8.35,0.78,0.78,5204,361,361,0,1,7,0
New Jersey,39.522,-74.324,-8.35,0.78,0.78,4760,504,504,0,1,7,0
New Jersey,39.549,-74.342,-6.95,0.78,0.78,3210,238,238,0,1,7,0
New Jersey,39.184,-74.671,-1.27,0.79,0.79,583,70,70,0,1,7,0
New Jersey,39.184,-74.671,-0.79,0.79,0.79,382,93,93,0,1,7,0
New Jersey,39.184,-74.671,-0.89,0.79,0.79,245,245,245,0,1,7,0
New Jersey,39.184,-74.671,-0.94,0.79,0.79,214,214,214,0,1,7,0
New Jersey,39.184,-74.671,-0.66,0.79,0.79,213,213,213,0,1,7,0
New Jersey,39.184,-74.671,-0.55,0.79,0.79,210,210,210,0,1,7,0
New Jersey,39.184,-74.671,-0.66,0.79,0.79,137,137,137,0,1,7,0
New Jersey,39.184,-74.671,-0.57,0.79,0.79,133,133,133,0,1,7,0
New Jersey,39.2,-74.7,-4.76,0.8,0.8,2962,242,242,0,1,7,0
New Jersey,39.2,-74.7,-2.81,0.8,0.8,2432,283,283,0,1,7,0
New Jersey,39.18,-74.73,-3.51,0.8,0.8,2344,351,351,0,1,7,0
New Jersey,39.2,-74.7,-1.31,0.8,0.8,868,309,309,0,1,7,0
New Jersey,39.2,-74.7,-7.36,0.81,0.81,4454,362,362,0,1,7,0
New Jersey,39.2,-74.7,-5.51,0.81,0.81,3713,268,268,0,1,7,0
New Jersey,40.4,-74.3,-3.32,0.85,0.85,2041,416,416,0,1,7,0
New Jersey,40.4,-74.3,-2.85,0.85,0.85,1939,367,367,0,1,7,0
New Jersey,40.4,-74.3,-2.62,0.85,0.85,1124,386,386,0,1,7,0
New Jersey,40.4,-74.3,-10.95,0.86,0.86,5530,211,211,0,1,7,0
New Jersey,39.803,-74.094,0.4,0.18,0.18,5209,233,233,1,1,7,0
New Jersey,39.51,-74.32,-7.14,0.19,0.19,8157,130,130,1,1,7,0
New Jersey,39.549,-74.342,-7.89,0.55,0.55,7205,728,728,1,1,7,0
New Jersey,40.446,-74.161,-0.54,0.58,0.58,2782,419,419,1,1,7,0
New Jersey,40.446,-74.161,-0.59,0.58,0.58,697,200,200,1,1,7,0
New Jersey,40.439,-74.273,-11.79,0.59,0.59,8625,462,462,1,1,7,0
New Jersey,40.4,-74.3,-11.24,0.59,0.59,8132,376,376,1,1,7,0
New Jersey,40.439,-74.273,-10.99,0.59,0.59,7475,455,455,1,1,7,0
New Jersey,40.435,-74.281,-7.59,0.59,0.59,6908,505,505,1,1,7,0
New Jersey,39.664,-74.099,-3.8,1.09,1.09,9872,370,370,1,1,7,0
Inner Delaware,39.087,-75.228,-11.67,0.51,0.51,2414,273,273,-1,1,8,0
Outer Delaware,38.755,-75.116,-4.93,0.58,0.58,3817,563,563,0,1,9,0
Outer Delaware,38.663,-75.058,-8.91,0.53,0.53,2965,243,243,-1,1,9,0
Outer Delaware,38.669,-75.068,-6.86,0.6,0.6,2165,495,495,-1,1,9,0
Outer Delaware,38.669,-75.07,-6.83,0.6,0.6,1600,341,341,-1,1,9,0
Outer Delaware,38.756,-75.082,-7.32,0.6,0.6,1359,442,442,-1,1,9,0
Outer Delaware,38.756,-75.082,-8.43,0.8,0.8,2575,467,467,-1,1,9,0
Outer Delaware,38.753,-75.119,-7.38,0.58,0.58,3963,559,559,0,1,9,0
Outer Delaware,38.753,-75.119,-7.31,0.58,0.58,3777,506,506,0,1,9,0
Outer Delaware,38.754,-75.12,-5.96,0.58,0.58,3452,451,451,0,1,9,0
Outer Delaware,38.753,-75.119,-6.68,0.58,0.58,3385,505,505,0,1,9,0
Outer Delaware,38.753,-75.119,-7.01,0.58,0.58,3339,490,490,0,1,9,0
Outer Delaware,38.753,-75.119,-6.38,0.58,0.58,3149,429,429,0,1,9,0
Outer Delaware,38.754,-75.116,-3.98,0.58,0.58,2135,564,564,0,1,9,0
Outer Delaware,38.754,-75.12,-4.05,0.58,0.58,1858,444,444,0,1,9,0
Outer Delaware,38.753,-75.119,-4.33,0.58,0.58,1695,343,343,0,1,9,0
Outer Delaware,38.756,-75.117,-9.78,0.59,0.59,5074,500,500,0,1,9,0
Outer Delaware,38.754,-75.116,-9.08,0.59,0.59,4707,254,254,0,1,9,0
Outer Delaware,38.756,-75.117,-8.98,0.59,0.59,4328,492,492,0,1,9,0
Outer Delaware,38.756,-75.117,-8.38,0.59,0.59,4283,555,555,0,1,9,0
Outer Delaware,38.754,-75.116,-8.08,0.59,0.59,4259,541,541,0,1,9,0
Outer Delaware,38.756,-75.117,-7.68,0.59,0.59,3961,121,121,0,1,9,0
Outer Delaware,38.669,-75.07,-0.8,0.63,0.63,315,315,315,0,1,9,0
Outer Delaware,38.783,-75.078,-16.52,0.64,0.64,7253,308,308,0,1,9,0
Outer Delaware,38.67,-75.13,-0.96,0.64,0.64,651,121,121,0,1,9,0
Outer Delaware,38.754,-75.12,-2.4,0.65,0.65,1876,575,575,0,1,9,0
Outer Delaware,38.672,-75.134,-1.52,0.65,0.65,853,108,108,0,1,9,0
Outer Delaware,38.672,-75.134,-0.8,0.65,0.65,213,213,213,0,1,9,0
Outer Delaware,38.645,-75.072,-6.4,0.66,0.66,4238,548,548,0,1,9,0
Outer Delaware,38.669,-75.068,-13.68,0.67,0.67,7049,410,410,0,1,9,0
Outer Delaware,38.645,-75.072,-5.78,0.71,0.71,3823,418,418,0,1,9,0
Outer Delaware,38.649,-75.021,-20.19,0.72,0.72,8284,261,261,0,1,9,0
Outer Delaware,38.637,-75.069,-4.58,0.72,0.72,3338,467,467,0,1,9,0
Outer Delaware,38.669,-75.068,-1,0.72,0.72,251,251,251,0,1,9,0
Outer Delaware,38.669,-75.07,-9.23,0.73,0.73,5522,469,469,0,1,9,0
Outer Delaware,38.785,-75.171,-1.75,0.75,0.75,1551,161,161,0,1,9,0
Outer Delaware,38.785,-75.171,-1.47,0.75,0.75,1281,106,106,0,1,9,0
Outer Delaware,38.785,-75.171,-1.29,0.75,0.75,1096,166,166,0,1,9,0
Outer Delaware,38.786,-75.172,-1.05,0.75,0.75,871,181,181,0,1,9,0
Outer Delaware,38.785,-75.171,-1.38,0.75,0.75,829,140,140,0,1,9,0
Outer Delaware,38.786,-75.171,-1.2,0.75,0.75,632,93,93,0,1,9,0
Outer Delaware,38.786,-75.172,-0.8,0.75,0.75,137,137,137,0,1,9,0
Outer Delaware,38.645,-75.072,-5.91,0.76,0.76,4357,465,465,0,1,9,0
Outer Delaware,38.764,-75.097,-1.94,0.76,0.76,1096,166,166,0,1,9,0
Outer Delaware,38.764,-75.097,-1.48,0.76,0.76,1029,231,231,0,1,9,0
Outer Delaware,38.768,-75.106,-1.27,0.76,0.76,926,244,244,0,1,9,0
Outer Delaware,38.761,-75.096,-1.55,0.76,0.76,915,251,251,0,1,9,0
Outer Delaware,38.764,-75.098,-1.15,0.76,0.76,864,184,184,0,1,9,0
Outer Delaware,38.768,-75.106,-1.79,0.76,0.76,729,171,171,0,1,9,0
Outer Delaware,38.764,-75.098,-1.73,0.76,0.76,726,171,171,0,1,9,0
Outer Delaware,38.765,-75.099,-1.33,0.76,0.76,702,190,190,0,1,9,0
Outer Delaware,38.764,-75.097,-0.94,0.76,0.76,248,248,248,0,1,9,0
Outer Delaware,38.785,-75.094,-19.46,0.77,0.77,7919,409,409,0,1,9,0
Outer Delaware,38.778,-75.174,-5.07,0.81,0.81,2420,293,293,0,1,9,0
Outer Delaware,38.802,-75.204,-3.91,0.81,0.81,2003,297,297,0,1,9,0
Outer Delaware,38.76,-75.1,-1.9,0.81,0.81,860,183,183,0,1,9,0
Outer Delaware,38.663,-75.05,-10.86,0.51,0.51,7146,261,261,1,1,9,0
Outer Delaware,38.755,-75.116,-8.88,0.54,0.54,5414,581,581,1,1,9,0
Outer Delaware,38.754,-75.116,-7.98,0.54,0.54,4977,312,312,1,1,9,0
Outer Delaware,38.781,-75.174,-4.08,0.59,0.59,2606,243,243,1,1,9,0
Outer Delaware,38.789,-75.159,-0.18,0.59,0.59,266,266,266,1,1,9,0
Inner Chesapeake,38.4,-76.1,-4.12,0.33,0.33,2787,453,453,0,1,10,0
Inner Chesapeake,38.887,-76.392,-36.18,0.66,0.66,5901,120,120,-1,1,10,0
Inner Chesapeake,38.887,-76.392,-35.34,0.66,0.66,4313,128,128,-1,1,10,0
Inner Chesapeake,38.878,-76.441,-13.9,0.66,0.66,3698,151,151,-1,1,10,0
Inner Chesapeake,38.878,-76.441,-12.47,0.66,0.66,2517,185,185,-1,1,10,0
Inner Chesapeake,38.887,-76.392,-34.94,0.66,0.66,2174,116,116,-1,1,10,0
Inner Chesapeake,38.878,-76.446,-11.92,0.66,0.66,1901,96,96,-1,1,10,0
Inner Chesapeake,38.878,-76.446,-11.7,0.66,0.66,1829,129,129,-1,1,10,0
Inner Chesapeake,38.887,-76.392,-34.47,0.66,0.66,1803,99,99,-1,1,10,0
Inner Chesapeake,38.878,-76.446,-11.25,0.66,0.66,1627,122,122,-1,1,10,0
Inner Chesapeake,38.887,-76.392,-33.79,0.66,0.66,1620,108,108,-1,1,10,0
Inner Chesapeake,38.878,-76.446,-11.33,0.66,0.66,1601,95,95,-1,1,10,0
Inner Chesapeake,38.878,-76.446,-10.94,0.66,0.66,1514,102,102,-1,1,10,0
Inner Chesapeake,38.878,-76.446,-10.54,0.66,0.66,1425,93,93,-1,1,10,0
Inner Chesapeake,38.878,-76.446,-10.18,0.66,0.66,1305,71,71,-1,1,10,0
Inner Chesapeake,38.887,-76.392,-32.87,0.66,0.66,1158,94,94,-1,1,10,0
Inner Chesapeake,38.878,-76.446,-9.52,0.66,0.66,1066,108,108,-1,1,10,0
Inner Chesapeake,38.878,-76.446,-9.32,0.66,0.66,953,99,99,-1,1,10,0
Inner Chesapeake,38.878,-76.446,-9.28,0.66,0.66,808,85,85,-1,1,10,0
Inner Chesapeake,38.887,-76.392,-31.99,0.66,0.66,791,90,90,-1,1,10,0
Inner Chesapeake,38.887,-76.392,-31.71,0.66,0.66,719,164,164,-1,1,10,0
Inner Chesapeake,38.887,-76.392,-31.69,0.66,0.66,707,73,73,-1,1,10,0
Inner Chesapeake,38.887,-76.392,-30.83,0.66,0.66,382,83,83,-1,1,10,0
Inner Chesapeake,38.887,-76.392,-30.54,0.66,0.66,372,99,99,-1,1,10,0
Inner Chesapeake,38.887,-76.392,-30.1,0.66,0.66,225,86,86,-1,1,10,0
Inner Chesapeake,38.887,-76.392,-29.88,0.66,0.66,139,139,139,-1,1,10,0
Inner Chesapeake,38.887,-76.392,-28.56,0.66,0.66,62,62,62,-1,1,10,0
Inner Chesapeake,38.887,-76.392,-28.06,0.66,0.66,61,61,61,-1,1,10,0
Inner Chesapeake,38.887,-76.392,-29.17,0.66,0.66,26,26,26,-1,1,10,0
Inner Chesapeake,38.887,-76.392,-41.54,0.67,0.67,6702,99,99,-1,1,10,0
Inner Chesapeake,38.887,-76.392,-39.14,0.67,0.67,6388,98,98,-1,1,10,0
Inner Chesapeake,38.887,-76.392,-38.74,0.67,0.67,6372,92,92,-1,1,10,0
Inner Chesapeake,38.887,-76.392,-37.45,0.67,0.67,6092,116,116,-1,1,10,0
Inner Chesapeake,38.538,-76.43,-26.88,0.67,0.67,3192,255,255,-1,1,10,0
Inner Chesapeake,38.538,-76.43,-26.83,0.67,0.67,2914,211,211,-1,1,10,0
Inner Chesapeake,38.538,-76.43,-26.14,0.67,0.67,2805,82,82,-1,1,10,0
Inner Chesapeake,38.544,-76.427,-28.45,0.67,0.67,2234,185,185,-1,1,10,0
Inner Chesapeake,38.544,-76.427,-27.83,0.67,0.67,1684,192,192,-1,1,10,0
Inner Chesapeake,38.544,-76.427,-28.33,0.67,0.67,1677,171,171,-1,1,10,0
Inner Chesapeake,38.544,-76.427,-28.03,0.67,0.67,1669,140,140,-1,1,10,0
Inner Chesapeake,38.544,-76.427,-28.03,0.67,0.67,1667,105,105,-1,1,10,0
Inner Chesapeake,38.544,-76.427,-28.62,0.67,0.67,1540,137,137,-1,1,10,0
Inner Chesapeake,38.544,-76.427,-28.13,0.67,0.67,1416,165,165,-1,1,10,0
Inner Chesapeake,38.544,-76.427,-27.23,0.67,0.67,896,355,355,-1,1,10,0
Inner Chesapeake,38.544,-76.427,-26.83,0.67,0.67,848,166,166,-1,1,10,0
Inner Chesapeake,38.544,-76.427,-28.13,0.67,0.67,824,150,150,-1,1,10,0
Inner Chesapeake,38.544,-76.427,-26.33,0.67,0.67,780,142,142,-1,1,10,0
Inner Chesapeake,38.544,-76.427,-26.95,0.67,0.67,769,136,136,-1,1,10,0
Inner Chesapeake,38.331,-76.378,-11.32,0.67,0.67,768,103,103,-1,1,10,0
Inner Chesapeake,38.544,-76.427,-27.23,0.67,0.67,764,131,131,-1,1,10,0
Inner Chesapeake,38.544,-76.427,-27.54,0.67,0.67,713,75,75,-1,1,10,0
Inner Chesapeake,38.544,-76.427,-29.03,0.67,0.67,700,158,158,-1,1,10,0
Inner Chesapeake,38.544,-76.427,-27.23,0.67,0.67,628,329,329,-1,1,10,0
Inner Chesapeake,38.544,-76.427,-25.63,0.67,0.67,598,127,127,-1,1,10,0
Inner Chesapeake,38.331,-76.378,-10.4,0.67,0.67,528,99,99,-1,1,10,0
Inner Chesapeake,38.331,-76.378,-11.02,0.67,0.67,481,63,63,-1,1,10,0
Inner Chesapeake,38.538,-76.43,-24.2,0.67,0.67,424,92,92,-1,1,10,0
Inner Chesapeake,38.331,-76.378,-9.77,0.67,0.67,403,88,88,-1,1,10,0
Inner Chesapeake,38.331,-76.378,-10.06,0.67,0.67,386,91,91,-1,1,10,0
Inner Chesapeake,38.331,-76.378,-10.34,0.67,0.67,341,95,95,-1,1,10,0
Inner Chesapeake,38.544,-76.427,-26.15,0.67,0.67,278,135,135,-1,1,10,0
Inner Chesapeake,38.538,-76.43,-23.11,0.67,0.67,254,112,112,-1,1,10,0
Inner Chesapeake,38.544,-76.427,-25.73,0.67,0.67,237,118,118,-1,1,10,0
Inner Chesapeake,38.331,-76.378,-10.27,0.67,0.67,204,93,93,-1,1,10,0
Inner Chesapeake,38.538,-76.43,-23.88,0.67,0.67,133,133,133,-1,1,10,0
Inner Chesapeake,38.053,-76.221,-23.29,0.68,0.68,10523,109,109,-1,1,10,0
Inner Chesapeake,38.053,-76.221,-22.72,0.68,0.68,10176,218,218,-1,1,10,0
Inner Chesapeake,38.031,-76.215,-30.96,0.68,0.68,9921,224,224,-1,1,10,0
Inner Chesapeake,38.887,-76.392,-44.1,0.68,0.68,9343,114,114,-1,1,10,0
Inner Chesapeake,38.031,-76.215,-31.55,0.68,0.68,8664,190,190,-1,1,10,0
Inner Chesapeake,38.887,-76.392,-44.36,0.68,0.68,7575,89,89,-1,1,10,0
Inner Chesapeake,38.031,-76.215,-31.88,0.68,0.68,7556,110,110,-1,1,10,0
Inner Chesapeake,38.887,-76.392,-44.21,0.68,0.68,7530,82,82,-1,1,10,0
Inner Chesapeake,38.887,-76.392,-44.1,0.68,0.68,7185,113,113,-1,1,10,0
Inner Chesapeake,38.031,-76.215,-30.96,0.68,0.68,7048,124,124,-1,1,10,0
Inner Chesapeake,38.031,-76.215,-30.29,0.68,0.68,6930,184,184,-1,1,10,0
Inner Chesapeake,38.887,-76.392,-43.21,0.68,0.68,6750,101,101,-1,1,10,0
Inner Chesapeake,38.031,-76.215,-29.72,0.68,0.68,6559,139,139,-1,1,10,0
Inner Chesapeake,38.031,-76.215,-28.83,0.68,0.68,4790,163,163,-1,1,10,0
Inner Chesapeake,38.031,-76.215,-27.69,0.68,0.68,4660,139,139,-1,1,10,0
Inner Chesapeake,38.031,-76.215,-25.83,0.68,0.68,4140,156,156,-1,1,10,0
Inner Chesapeake,38.028,-76.22,-25.26,0.68,0.68,2119,604,604,-1,1,10,0
Inner Chesapeake,38.028,-76.22,-25.87,0.68,0.68,2063,217,217,-1,1,10,0
Inner Chesapeake,38.028,-76.22,-24.92,0.68,0.68,1085,152,152,-1,1,10,0
Inner Chesapeake,38.028,-76.22,-26.06,0.68,0.68,789,108,108,-1,1,10,0
Inner Chesapeake,38.028,-76.22,-24.24,0.68,0.68,780,90,90,-1,1,10,0
Inner Chesapeake,38.028,-76.22,-24.06,0.68,0.68,701,53,53,-1,1,10,0
Inner Chesapeake,38.028,-76.22,-24.2,0.68,0.68,578,66,66,-1,1,10,0
Inner Chesapeake,38.028,-76.22,-23.56,0.68,0.68,498,58,58,-1,1,10,0
Inner Chesapeake,38.031,-76.215,-24.16,0.68,0.68,481,42,42,-1,1,10,0
Inner Chesapeake,38.028,-76.22,-22.76,0.68,0.68,133,133,133,-1,1,10,0
Inner Chesapeake,38.031,-76.215,-33.57,0.69,0.69,10234,271,271,-1,1,10,0
Inner Chesapeake,38.031,-76.215,-33.49,0.69,0.69,9631,171,171,-1,1,10,0
Inner Chesapeake,38.028,-76.22,-23.38,0.7,0.7,138,138,138,-1,1,10,0
Inner Chesapeake,38.879,-76.44,-16.26,0.77,0.77,7650,86,86,-1,1,10,0
Inner Chesapeake,38.879,-76.44,-16.01,0.77,0.77,7359,199,199,-1,1,10,0
Inner Chesapeake,38.879,-76.44,-15.33,0.77,0.77,6488,140,140,-1,1,10,0
Inner Chesapeake,38.879,-76.44,-14.75,0.77,0.77,5715,117,117,-1,1,10,0
Inner Chesapeake,38.879,-76.44,-14.75,0.77,0.77,5595,124,124,-1,1,10,0
Inner Chesapeake,38.879,-76.44,-14.4,0.77,0.77,4596,174,174,-1,1,10,0
Inner Chesapeake,39,-76.1,-1.92,0.33,0.33,1103,308,308,0,1,10,0
Inner Chesapeake,38.4,-76.1,-3.34,0.34,0.34,3044,314,314,0,1,10,0
Inner Chesapeake,38.4,-76.1,-3.64,0.34,0.34,2527,319,319,0,1,10,0
Inner Chesapeake,38.4,-76.1,-5.57,0.35,0.35,4083,354,354,0,1,10,0
Inner Chesapeake,39,-76.1,-5.17,0.35,0.35,3662,397,397,0,1,10,0
Inner Chesapeake,39,-76.1,-10.87,0.36,0.36,5160,305,305,0,1,10,0
Eastern Shore,37.145,-75.946,-2.69,0.26,0.26,2234,82,82,0,1,11,0
Eastern Shore,37.58,-75.65,-5.16,0.44,0.44,2615,273,273,-1,1,11,0
Eastern Shore,37.58,-75.65,-1.66,0.44,0.44,929,202,202,-1,1,11,0
Eastern Shore,37.35,-75.81,-1.99,0.44,0.44,519,106,106,-1,1,11,0
Eastern Shore,37.43,-75.76,-1.4,0.44,0.44,519,89,89,-1,1,11,0
Eastern Shore,37.35,-75.81,-1.54,0.44,0.44,210,210,210,-1,1,11,0
Eastern Shore,37.58,-75.65,-2.57,0.44,0.44,199,199,199,-1,1,11,0
Eastern Shore,37.43,-75.76,-1.3,0.44,0.44,113,113,113,-1,1,11,0
Eastern Shore,37.145,-75.946,-2.15,0.26,0.26,1474,58,58,0,1,11,0
Eastern Shore,37.396,-75.867,-1.62,0.26,0.26,1442,76,76,0,1,11,0
Eastern Shore,37.287,-75.917,-1.35,0.26,0.26,1351,48,48,0,1,11,0
Eastern Shore,37.75,-75.56,-1.88,0.44,0.44,1556,163,163,0,1,11,0
Eastern Shore,37.15,-75.9,-1.03,0.44,0.44,1351,169,169,0,1,11,0
Eastern Shore,37.75,-75.56,-1.25,0.44,0.44,1114,147,147,0,1,11,0
Eastern Shore,37.81,-75.52,-0.8,0.44,0.44,642,90,90,0,1,11,0
Eastern Shore,37.81,-75.52,-1.11,0.44,0.44,611,72,72,0,1,11,0
Eastern Shore,37.75,-75.56,-7.02,0.47,0.47,5315,267,267,0,1,11,0
Eastern Shore,37.622,-75.678,-8.46,0.47,0.47,5097,206,206,0,1,11,0
Eastern Shore,37.622,-75.678,-8.42,0.47,0.47,5082,204,204,0,1,11,0
Eastern Shore,37.622,-75.678,-8,0.47,0.47,5075,204,204,0,1,11,0
Eastern Shore,37.81,-75.52,-5.83,0.47,0.47,3889,189,189,0,1,11,0
Eastern Shore,37.75,-75.56,-2.87,0.47,0.47,2175,172,172,0,1,11,0
Eastern Shore,37.15,-75.9,0.1,0.1,0.1,1644,229,229,1,1,11,0
Eastern Shore,37.58,-75.65,-5.17,0.53,0.53,5926,334,334,1,1,11,0
Eastern Shore,37.58,-75.65,-6.26,0.53,0.53,5006,278,278,1,1,11,0
Eastern Shore,37.58,-75.65,-1.92,0.53,0.53,2566,201,201,1,1,11,0
Eastern Shore,37.58,-75.65,-3.73,0.54,0.54,3649,185,185,1,1,11,0
Eastern Shore,37.58,-75.65,-3.73,0.54,0.54,3353,482,482,1,1,11,0
North Carolina,33.59,-77.88,-24.64,0.51,0.51,11669,968,968,1,1,12,0
North Carolina,34.1,-78,-3.03,0.59,0.59,3644,257,257,0,1,12,0
North Carolina,34.1,-78,-0.93,0.59,0.59,1267,279,279,0,1,12,0
North Carolina,34.1,-78,-8.03,0.6,0.6,6539,617,617,0,1,12,0
North Carolina,34.1,-78,-4.23,0.6,0.6,3916,324,324,0,1,12,0
North Carolina,34.1,-78,-3.43,0.6,0.6,3647,258,258,0,1,12,0
North Carolina,34.1,-78,-3.03,0.6,0.6,3644,257,257,0,1,12,0
North Carolina,34.1,-78,-5.53,0.63,0.63,4333,488,488,0,1,12,0
North Carolina,34.7,-77.1,-1.27,0.58,0.58,1646,244,244,0,1,12,0
North Carolina,34.7,-77.1,-0.77,0.58,0.58,1056,358,358,0,1,12,0
North Carolina,34.8,-76.49,-1.91,0.25,0.25,2197,485,485,0,1,12,0
North Carolina,34.8,-76.49,-0.73,0.25,0.25,585,585,585,0,1,12,0
North Carolina,34.8,-76.49,-2.43,0.19,0.19,6535,321,321,1,1,12,0
North Carolina,34.8,-76.49,-2.01,0.19,0.19,3581,701,701,1,1,12,0
North Carolina,34.9,-76.26,-2.91,0.51,0.51,1127,136,136,-1,1,12,0
North Carolina,34.97,-76.38,-1.19,0.2,0.2,1553,136,136,0,1,12,0
North Carolina,34.97,-76.38,-0.97,0.2,0.2,1248,65,65,0,1,12,0
North Carolina,34.97,-76.38,-0.67,0.2,0.2,832,89,89,0,1,12,0
North Carolina,34.97,-76.38,-0.47,0.2,0.2,413,96,96,0,1,12,0
North Carolina,34.97,-76.38,-0.36,0.2,0.2,404,89,89,0,1,12,0
North Carolina,34.97,-76.38,-1.15,0.21,0.21,862,67,67,0,1,12,0
North Carolina,34.97,-76.38,-1.04,0.21,0.21,797,104,104,0,1,12,0
North Carolina,34.97,-76.38,-0.8,0.21,0.21,572,63,63,0,1,12,0
North Carolina,34.97,-76.38,-0.55,0.21,0.21,150,150,150,0,1,12,0
North Carolina,34.971,-76.38,-1.33,0.06,0.06,958,193,193,0,1,12,1
North Carolina,34.971,-76.38,-1.3,0.06,0.06,938,179,179,0,1,12,1
North Carolina,34.971,-76.38,-1.3,0.06,0.06,925,168,168,0,1,12,1
North Carolina,34.971,-76.38,-1.23,0.06,0.06,906,153,153,0,1,12,1
North Carolina,34.971,-76.38,-1.26,0.06,0.06,873,125,125,0,1,12,1
North Carolina,34.971,-76.38,-1.22,0.06,0.06,853,107,107,0,1,12,1
North Carolina,34.971,-76.38,-1.23,0.06,0.06,840,96,96,0,1,12,1
North Carolina,34.971,-76.38,-1.08,0.06,0.06,802,68,68,0,1,12,1
North Carolina,34.971,-76.38,-1.08,0.06,0.06,783,63,63,0,1,12,1
North Carolina,34.971,-76.38,-1.05,0.06,0.06,770,59,59,0,1,12,1
North Carolina,34.971,-76.38,-1.01,0.06,0.06,750,52,52,0,1,12,1
North Carolina,34.971,-76.38,-1,0.06,0.06,735,46,46,0,1,12,1
North Carolina,34.971,-76.38,-0.97,0.06,0.06,707,46,46,0,1,12,1
North Carolina,34.971,-76.38,-0.96,0.06,0.06,689,46,46,0,1,12,1
North Carolina,34.971,-76.38,-0.97,0.06,0.06,664,46,46,0,1,12,1
North Carolina,34.971,-76.38,-0.88,0.06,0.06,605,42,42,0,1,12,1
North Carolina,34.971,-76.38,-0.84,0.06,0.06,588,40,40,0,1,12,1
North Carolina,34.971,-76.38,-0.84,0.06,0.06,562,34,34,0,1,12,1
North Carolina,34.971,-76.38,-0.82,0.06,0.06,537,25,25,0,1,12,1
North Carolina,34.971,-76.38,-0.73,0.06,0.06,503,28,28,0,1,12,1
North Carolina,34.971,-76.38,-0.71,0.06,0.06,483,30,30,0,1,12,1
North Carolina,34.971,-76.38,-0.67,0.06,0.06,460,30,30,0,1,12,1
North Carolina,34.971,-76.38,-0.65,0.06,0.06,428,34,34,0,1,12,1
North Carolina,34.971,-76.38,-0.66,0.06,0.06,408,35,35,0,1,12,1
North Carolina,34.971,-76.38,-0.63,0.06,0.06,379,32,32,0,1,12,1
North Carolina,34.971,-76.38,-0.59,0.06,0.06,359,27,27,0,1,12,1
North Carolina,34.971,-76.38,-0.56,0.06,0.06,346,27,27,0,1,12,1
North Carolina,34.971,-76.38,-0.64,0.06,0.06,327,28,28,0,1,12,1
North Carolina,34.971,-76.38,-0.63,0.06,0.06,309,29,29,0,1,12,1
North Carolina,34.971,-76.38,-0.62,0.06,0.06,300,28,28,0,1,12,1
North Carolina,34.971,-76.38,-0.57,0.06,0.06,283,26,26,0,1,12,1
North Carolina,34.971,-76.38,-0.56,0.06,0.06,258,29,29,0,1,12,1
North Carolina,34.971,-76.38,-0.53,0.06,0.06,235,33,33,0,1,12,1
North Carolina,34.971,-76.38,-0.54,0.06,0.06,223,33,33,0,1,12,1
North Carolina,34.971,-76.38,-0.48,0.06,0.06,190,29,29,0,1,12,1
North Carolina,34.971,-76.38,-0.43,0.06,0.06,165,21,21,0,1,12,1
North Carolina,34.971,-76.38,-0.46,0.06,0.06,124,16,16,0,1,12,1
North Carolina,34.971,-76.38,-0.4,0.06,0.06,98,19,19,0,1,12,1
North Carolina,34.971,-76.38,-0.4,0.06,0.06,85,18,18,0,1,12,1
North Carolina,34.971,-76.38,-0.26,0.06,0.06,34,6,6,0,1,12,1
North Carolina,34.971,-76.38,-0.24,0.06,0.06,26,6,6,0,1,12,1
North Carolina,34.971,-76.38,-0.21,0.06,0.06,23,6,6,0,1,12,1
North Carolina,34.971,-76.38,-0.15,0.06,0.06,15,5,5,0,1,12,1
North Carolina,34.971,-76.38,-0.18,0.06,0.06,11,5,5,0,1,12,1
North Carolina,34.971,-76.38,-0.16,0.06,0.06,4,5,5,0,1,12,1
North Carolina,34.971,-76.38,-0.08,0.06,0.06,-6,2,2,0,1,12,1
North Carolina,34.971,-76.38,-0.07,0.06,0.06,-9,2,2,0,1,12,1
North Carolina,34.971,-76.38,-0.07,0.06,0.06,-11,3,3,0,1,12,1
North Carolina,34.971,-76.38,0,0.06,0.06,-23,4,4,0,1,12,1
North Carolina,34.971,-76.38,-0.01,0.06,0.06,-27,4,4,0,1,12,1
North Carolina,34.971,-76.38,0,0.06,0.06,-36,5,5,0,1,12,1
North Carolina,34.971,-76.38,-1.21,0.08,0.08,819,76,76,0,1,12,1
North Carolina,34.971,-76.38,-0.46,0.08,0.08,117,18,18,0,1,12,1
North Carolina,34.971,-76.38,-0.39,0.08,0.08,73,14,14,0,1,12,1
North Carolina,34.971,-76.38,-0.38,0.08,0.08,60,8,8,0,1,12,1
North Carolina,34.971,-76.38,-0.34,0.08,0.08,50,8,8,0,1,12,1
North Carolina,34.971,-76.38,-0.32,0.08,0.08,47,7,7,0,1,12,1
North Carolina,34.971,-76.38,-0.31,0.08,0.08,41,7,7,0,1,12,1
North Carolina,34.971,-76.38,0.02,0.08,0.08,-45,1,1,0,1,12,1
Northern NC,34.98,-76.2,-2.25,0.11,0.11,381,104,104,-1,1,17,0
Northern NC,35.16,-75.31,0.53,0.51,0.51,387,85,85,1,1,17,0
Northern NC,35.22,-75.66,-0.66,0.54,0.54,563,67,67,0,1,17,0
Northern NC,35.23,-75.68,-0.86,0.54,0.54,218,218,218,0,1,17,0
Northern NC,35.26,-75.52,-0.42,0.2,0.2,143,143,143,0,1,17,0
Northern NC,35.26,-75.52,-0.71,0.7,0.7,155,155,155,0,1,17,0
Northern NC,35.45,-75.49,-3.7,0.11,0.11,1203,137,137,-1,1,17,0
Northern NC,35.46,-75.57,-24.98,0.51,0.51,9572,146,146,-1,1,17,0
Northern NC,35.46,-75.57,-18.48,0.51,0.51,8623,214,214,-1,1,17,0
Northern NC,35.46,-75.57,-18.38,0.51,0.51,8154,157,157,-1,1,17,0
Northern NC,35.46,-75.57,-13.38,0.51,0.51,6986,173,173,-1,1,17,0
Northern NC,35.47,-75.53,-4.94,0.51,0.51,1534,164,164,-1,1,17,0
Northern NC,35.52,-75.48,-2.91,0.51,0.51,1376,124,124,-1,1,17,0
Northern NC,35.52,-75.48,-0.54,0.2,0.2,228,228,228,0,1,17,0
Northern NC,35.65,-75.46,-0.43,0.2,0.2,153,153,153,0,1,17,0
Northern NC,35.75,-75.32,-24,0.51,0.51,5914,263,263,-1,1,17,0
Northern NC,35.85,-75.62,-1.78,0.51,0.51,2553,197,197,1,1,17,0
Northern NC,35.86,-75.63,-1.78,0.51,0.51,3859,282,282,1,1,17,0
Northern NC,35.87,-75.64,-1.93,0.51,0.51,6041,271,271,1,1,17,0
Northern NC,35.87,-75.64,-1.79,0.51,0.51,2356,347,347,1,1,17,0
Northern NC,35.88,-75.71,-6.01,0.51,0.51,3407,178,178,-1,1,17,0
Northern NC,35.88,-75.68,-2.67,0.2,0.2,2696,153,153,0,1,17,0
Northern NC,35.88,-75.68,-3,0.2,0.2,2539,176,176,0,1,17,0
Northern NC,35.88,-75.68,-2.49,0.2,0.2,2522,176,176,0,1,17,0
Northern NC,35.88,-75.68,-2.68,0.2,0.2,2522,177,177,0,1,17,0
Northern NC,35.88,-75.68,-2.7,0.2,0.2,2474,125,125,0,1,17,0
Northern NC,35.88,-75.68,-2.5,0.2,0.2,2145,142,142,0,1,17,0
Northern NC,35.88,-75.68,-2.38,0.2,0.2,2051,100,100,0,1,17,0
Northern NC,35.88,-75.68,-2.28,0.2,0.2,1860,126,126,0,1,17,0
Northern NC,35.88,-75.68,-1.99,0.2,0.2,1476,63,63,0,1,17,0
Northern NC,35.88,-75.68,-1.42,0.2,0.2,1295,228,228,0,1,17,0
Northern NC,35.88,-75.68,-1.71,0.2,0.2,1118,112,112,0,1,17,0
Northern NC,35.88,-75.68,-1.5,0.2,0.2,995,62,62,0,1,17,0
Northern NC,35.88,-75.68,-1.4,0.2,0.2,882,82,82,0,1,17,0
Northern NC,35.88,-75.68,-1.26,0.2,0.2,830,87,87,0,1,17,0
Northern NC,35.88,-75.68,-1.14,0.2,0.2,827,100,100,0,1,17,0
Northern NC,35.88,-75.68,-0.77,0.2,0.2,602,56,56,0,1,17,0
Northern NC,35.88,-75.68,-0.81,0.2,0.2,572,60,60,0,1,17,0
Northern NC,35.88,-75.68,-0.69,0.2,0.2,383,78,78,0,1,17,0
Northern NC,35.88,-75.68,-0.56,0.2,0.2,150,150,150,0,1,17,0
Northern NC,35.88,-75.68,-1.84,0.54,0.54,1427,94,94,0,1,17,0
Northern NC,35.885,-75.681,-1.96,0.08,0.08,1438,52,52,0,1,17,1
Northern NC,35.885,-75.681,-1.85,0.08,0.08,1297,61,61,0,1,17,1
Northern NC,35.885,-75.681,-1.76,0.08,0.08,1276,62,62,0,1,17,1
Northern NC,35.885,-75.681,-1.71,0.08,0.08,1254,61,61,0,1,17,1
Northern NC,35.885,-75.681,-1.7,0.08,0.08,1243,60,60,0,1,17,1
Northern NC,35.885,-75.681,-0.59,0.08,0.08,302,40,40,0,1,17,1
Northern NC,35.885,-75.681,-0.58,0.08,0.08,293,40,40,0,1,17,1
Northern NC,35.885,-75.681,-0.57,0.08,0.08,274,36,36,0,1,17,1
Northern NC,35.885,-75.681,-0.19,0.08,0.08,15,4,4,0,1,17,1
Northern NC,35.885,-75.681,-2.42,0.1,0.1,1953,69,69,0,1,17,1
Northern NC,35.885,-75.681,-2.28,0.1,0.1,1786,69,69,0,1,17,1
Northern NC,35.885,-75.681,-2.19,0.1,0.1,1660,62,62,0,1,17,1
Northern NC,35.885,-75.681,-2.16,0.1,0.1,1632,58,58,0,1,17,1
Northern NC,35.885,-75.681,-2.06,0.1,0.1,1596,59,59,0,1,17,1
Northern NC,35.885,-75.681,-2.14,0.1,0.1,1575,59,59,0,1,17,1
Northern NC,35.885,-75.681,-2.02,0.1,0.1,1543,56,56,0,1,17,1
Northern NC,35.885,-75.681,-1.94,0.1,0.1,1455,52,52,0,1,17,1
Northern NC,35.885,-75.681,-1.87,0.1,0.1,1339,54,54,0,1,17,1
Northern NC,35.885,-75.681,-1.89,0.1,0.1,1330,56,56,0,1,17,1
Northern NC,35.885,-75.681,-1.66,0.1,0.1,1170,58,58,0,1,17,1
Northern NC,35.885,-75.681,-1.62,0.1,0.1,1146,60,60,0,1,17,1
Northern NC,35.885,-75.681,-1.54,0.1,0.1,1061,52,52,0,1,17,1
Northern NC,35.885,-75.681,-1.52,0.1,0.1,1018,41,41,0,1,17,1
Northern NC,35.885,-75.681,-1.46,0.1,0.1,984,39,39,0,1,17,1
Northern NC,35.885,-75.681,-1.4,0.1,0.1,944,27,27,0,1,17,1
Northern NC,35.885,-75.681,-1.39,0.1,0.1,921,32,32,0,1,17,1
Northern NC,35.885,-75.681,-1.36,0.1,0.1,910,35,35,0,1,17,1
Northern NC,35.885,-75.681,-1.34,0.1,0.1,892,38,38,0,1,17,1
Northern NC,35.885,-75.681,-1.29,0.1,0.1,856,40,40,0,1,17,1
Northern NC,35.885,-75.681,-1.2,0.1,0.1,798,40,40,0,1,17,1
Northern NC,35.885,-75.681,-1.15,0.1,0.1,766,39,39,0,1,17,1
Northern NC,35.885,-75.681,-1.14,0.1,0.1,754,38,38,0,1,17,1
Northern NC,35.885,-75.681,-1.04,0.1,0.1,719,30,30,0,1,17,1
Northern NC,35.885,-75.681,-0.99,0.1,0.1,688,22,22,0,1,17,1
Northern NC,35.885,-75.681,-0.93,0.1,0.1,619,37,37,0,1,17,1
Northern NC,35.885,-75.681,-0.82,0.1,0.1,558,30,30,0,1,17,1
Northern NC,35.885,-75.681,-0.81,0.1,0.1,534,24,24,0,1,17,1
Northern NC,35.885,-75.681,-0.74,0.1,0.1,471,42,42,0,1,17,1
Northern NC,35.885,-75.681,-0.72,0.1,0.1,435,41,41,0,1,17,1
Northern NC,35.885,-75.681,-0.72,0.1,0.1,391,38,38,0,1,17,1
Northern NC,35.885,-75.681,-0.65,0.1,0.1,375,37,37,0,1,17,1
Northern NC,35.885,-75.681,-0.59,0.1,0.1,311,40,40,0,1,17,1
Northern NC,35.885,-75.681,-0.52,0.1,0.1,224,21,21,0,1,17,1
Northern NC,35.885,-75.681,-0.5,0.1,0.1,199,27,27,0,1,17,1
Northern NC,35.885,-75.681,-0.41,0.1,0.1,119,33,33,0,1,17,1
Northern NC,35.885,-75.681,-0.35,0.1,0.1,73,22,22,0,1,17,1
Northern NC,35.885,-75.681,-0.32,0.1,0.1,28,5,5,0,1,17,1
Northern NC,35.885,-75.681,-0.31,0.1,0.1,24,5,5,0,1,17,1
Northern NC,35.885,-75.681,-0.25,0.1,0.1,19,5,5,0,1,17,1
Northern NC,35.885,-75.681,-0.23,0.1,0.1,17,5,5,0,1,17,1
Northern NC,35.885,-75.681,-0.25,0.1,0.1,6,3,3,0,1,17,1
Northern NC,35.885,-75.681,-0.19,0.1,0.1,2,3,3,0,1,17,1
Northern NC,35.885,-75.681,-0.17,0.1,0.1,-7,2,2,0,1,17,1
Northern NC,35.885,-75.681,-0.17,0.1,0.1,-9,2,2,0,1,17,1
Northern NC,35.885,-75.681,-0.18,0.1,0.1,-11,2,2,0,1,17,1
Northern NC,35.885,-75.681,-0.16,0.1,0.1,-15,2,2,0,1,17,1
Northern NC,35.885,-75.681,-0.1,0.1,0.1,-19,2,2,0,1,17,1
Northern NC,35.885,-75.681,-0.11,0.1,0.1,-23,3,3,0,1,17,1
Northern NC,35.885,-75.681,-0.07,0.1,0.1,-27,3,3,0,1,17,1
Northern NC,35.885,-75.681,-2.5,0.12,0.12,1983,69,69,0,1,17,1
Northern NC,35.885,-75.681,-2.42,0.12,0.12,1893,63,63,0,1,17,1
Northern NC,35.885,-75.681,-2.41,0.12,0.12,1856,60,60,0,1,17,1
Northern NC,35.885,-75.681,-2.28,0.12,0.12,1818,65,65,0,1,17,1
Northern NC,35.885,-75.681,-2.22,0.12,0.12,1713,68,68,0,1,17,1
Northern NC,35.885,-75.681,-1.98,0.12,0.12,1479,48,48,0,1,17,1
Northern NC,35.885,-75.681,-1.86,0.12,0.12,1412,50,50,0,1,17,1
Northern NC,35.885,-75.681,-1.91,0.12,0.12,1378,46,46,0,1,17,1
Northern NC,35.885,-75.681,-1.73,0.12,0.12,1233,58,58,0,1,17,1
Northern NC,35.885,-75.681,-1.72,0.12,0.12,1221,56,56,0,1,17,1
Northern NC,35.885,-75.681,-1.62,0.12,0.12,1129,59,59,0,1,17,1
Northern NC,35.885,-75.681,-1.58,0.12,0.12,1105,59,59,0,1,17,1
Northern NC,35.885,-75.681,-1.58,0.12,0.12,1088,57,57,0,1,17,1
Northern NC,35.885,-75.681,-1.44,0.12,0.12,971,36,36,0,1,17,1
Northern NC,35.885,-75.681,-1.32,0.12,0.12,875,40,40,0,1,17,1
Northern NC,35.885,-75.681,-1.26,0.12,0.12,831,41,41,0,1,17,1
Northern NC,35.885,-75.681,-1.23,0.12,0.12,819,40,40,0,1,17,1
Northern NC,35.885,-75.681,-1.15,0.12,0.12,783,39,39,0,1,17,1
Northern NC,35.885,-75.681,-1.11,0.12,0.12,737,35,35,0,1,17,1
Northern NC,35.885,-75.681,-1.03,0.12,0.12,704,26,26,0,1,17,1
Northern NC,35.885,-75.681,-1.01,0.12,0.12,666,19,19,0,1,17,1
Northern NC,35.885,-75.681,-0.93,0.12,0.12,643,28,28,0,1,17,1
Northern NC,35.885,-75.681,-0.87,0.12,0.12,590,38,38,0,1,17,1
Northern NC,35.885,-75.681,-0.78,0.12,0.12,507,32,32,0,1,17,1
Northern NC,35.885,-75.681,-0.76,0.12,0.12,489,39,39,0,1,17,1
Northern NC,35.885,-75.681,-0.66,0.12,0.12,360,34,34,0,1,17,1
Northern NC,35.885,-75.681,-0.63,0.12,0.12,321,38,38,0,1,17,1
Northern NC,35.885,-75.681,-0.56,0.12,0.12,253,29,29,0,1,17,1
Northern NC,35.885,-75.681,-0.47,0.12,0.12,186,24,24,0,1,17,1
Northern NC,35.885,-75.681,-0.44,0.12,0.12,173,18,18,0,1,17,1
Northern NC,35.885,-75.681,-0.45,0.12,0.12,157,20,20,0,1,17,1
Northern NC,35.885,-75.681,-0.42,0.12,0.12,139,25,25,0,1,17,1
Northern NC,35.885,-75.681,-0.39,0.12,0.12,110,35,35,0,1,17,1
Northern NC,35.885,-75.681,-0.39,0.12,0.12,101,35,35,0,1,17,1
Northern NC,35.885,-75.681,-0.32,0.12,0.12,46,6,6,0,1,17,1
Northern NC,35.885,-75.681,-0.3,0.12,0.12,35,5,5,0,1,17,1
Northern NC,35.885,-75.681,-0.27,0.12,0.12,16,4,4,0,1,17,1
Northern NC,35.885,-75.681,-0.21,0.12,0.12,12,4,4,0,1,17,1
Northern NC,35.885,-75.681,-2.42,0.14,0.14,1933,67,67,0,1,17,1
Northern NC,35.885,-75.681,-2.05,0.14,0.14,1500,48,48,0,1,17,1
Northern NC,35.885,-75.681,-0.73,0.14,0.14,462,43,43,0,1,17,1
Northern NC,35.885,-75.681,-0.47,0.14,0.14,211,26,26,0,1,17,1
Northern NC,35.885,-75.681,-0.41,0.14,0.14,128,30,30,0,1,17,1
Northern NC,35.885,-75.681,-0.28,0.14,0.14,41,5,5,0,1,17,1
Northern NC,35.885,-75.681,-0.22,0.14,0.14,13,4,4,0,1,17,1
Northern NC,35.885,-75.681,-2.55,0.16,0.16,2070,59,59,0,1,17,1
Northern NC,35.885,-75.681,-2.51,0.16,0.16,2034,63,63,0,1,17,1
Northern NC,35.885,-75.681,-0.17,0.16,0.16,10,3,3,0,1,17,1
Northern NC,35.885,-75.681,-2.42,0.18,0.18,1913,65,65,0,1,17,1
Northern NC,35.885,-75.681,-0.17,0.18,0.18,8,3,3,0,1,17,1
Northern NC,35.89,-75.72,-7.91,0.11,0.11,4551,256,256,-1,1,17,0
Northern NC,35.9,-75.73,-7.66,0.51,0.51,4064,231,231,-1,1,17,0
Northern NC,35.92,-75.75,-7.95,0.11,0.11,4613,231,231,-1,1,17,0
Northern NC,35.92,-75.75,-6.46,0.51,0.51,3921,425,425,-1,1,17,0
Northern NC,35.92,-75.74,-7.68,0.51,0.51,3639,190,190,-1,1,17,0
Northern NC,35.92,-75.74,-7.13,0.51,0.51,3488,172,172,-1,1,17,0
Northern NC,35.95,-75.65,-4.16,0.11,0.11,1371,164,164,-1,1,17,0
Northern NC,35.97,-75.66,-1.78,0.2,0.2,1465,83,83,0,1,17,0
Northern NC,36.02,-75.72,-15.37,1.1,1.1,8654,199,199,0,1,17,0
Northern NC,36.05,-75.69,-13.37,0.11,0.11,5898,276,276,-1,1,17,0
Northern NC,36.05,-75.69,-11.88,0.11,0.11,5484,271,271,-1,1,17,0
Northern NC,36.05,-75.7,-30.37,1.1,1.1,11419,184,184,0,1,17,0
Northern NC,36.05,-75.7,-30.37,1.1,1.1,11060,171,171,0,1,17,0
Northern NC,36.05,-75.71,-35.76,1.1,1.1,10819,243,243,0,1,17,0
Northern NC,36.11,-76.07,-8.99,0.11,0.11,5008,191,191,-1,1,17,0
Northern NC,36.11,-76.07,-15.06,0.51,0.51,6478,205,205,-1,1,17,0
Northern NC,36.11,-76.07,-9.11,0.51,0.51,4153,314,314,-1,1,17,0
Northern NC,36.11,-76.07,-6.68,0.51,0.51,2521,190,190,-1,1,17,0
Northern NC,36.11,-76.07,-8.71,0.51,0.51,6953,204,204,1,1,17,0
Northern NC,36.15,-75.33,-34,0.51,0.51,8595,887,887,-1,1,17,0
South Carolina,32.9,-79.9,-2.5,0.94,0.94,3280,276,276,0,1,13,0
South Carolina,33.58,-79,-3.02,0.93,0.93,4633,658,658,0,1,13,0
South Carolina,33.58,-79,-3.05,0.93,0.93,3598,637,637,0,1,13,0
South Carolina,32.9,-79.9,-2,0.94,0.94,3278,400,400,0,1,13,0
South Carolina,32.9,-79.9,-1.6,0.94,0.94,2117,235,235,0,1,13,0
South Carolina,33.4,-79.2,-6.6,0.95,0.95,6433,304,304,0,1,13,0
South Carolina,32.9,-79.9,-3.95,0.95,0.95,5423,758,758,0,1,13,0
South Carolina,33.4,-79.2,-4.81,0.95,0.95,5343,301,301,0,1,13,0
South Carolina,32.9,-79.9,-2.8,0.95,0.95,5310,337,337,0,1,13,0
South Carolina,32.9,-79.9,-3.45,0.95,0.95,4906,381,381,0,1,13,0
South Carolina,32.9,-79.9,-2.85,0.95,0.95,4643,195,195,0,1,13,0
South Carolina,33.4,-79.2,-3.41,0.95,0.95,4036,398,398,0,1,13,0
South Carolina,33.2,-79.4,-3.01,0.95,0.95,3323,364,364,0,1,13,0
South Carolina,33.2,-79.4,-3.01,0.95,0.95,3311,243,243,0,1,13,0
South Carolina,33.4,-79.2,-2.61,0.95,0.95,2660,297,297,0,1,13,0
South Carolina,32.9,-79.9,-4.4,0.96,0.96,5754,421,421,0,1,13,0
South Carolina,33.2,-79.4,-4.11,0.96,0.96,4955,1031,1031,0,1,13,0
South Carolina,33.4,-79.2,-6.59,0.97,0.97,6992,437,437,0,1,13,0
South Carolina,32.9,-79.9,-1.85,1,1,2376,364,364,0,1,13,0
South Carolina,32.7,-80.7,-3.58,1.02,1.02,6384,359,359,0,1,13,0
South Carolina,32.7,-80.7,-4.1,1.02,1.02,6167,234,234,0,1,13,0
South Carolina,32.7,-80.7,-3.95,1.02,1.02,6025,272,272,0,1,13,0
South Carolina,32.7,-80.7,-2.68,1.02,1.02,3580,315,315,0,1,13,0
South Carolina,32.7,-80.7,-2.2,1.02,1.02,3052,271,271,0,1,13,0
South Carolina,32.6,-80.9,-1.28,1.03,1.03,2117,220,220,0,1,13,0
South Carolina,32.6,-80.9,-0.72,1.03,1.03,720,187,187,0,1,13,0
South Carolina,32.7,-80.7,-3.29,1.04,1.04,5077,500,500,0,1,13,0
South Carolina,32.1,-81,-1.96,1.11,1.11,3316,321,321,0,1,13,0
South Carolina,32.1,-81,-2.61,1.11,1.11,3278,275,275,0,1,13,0
South Carolina,32.1,-81,-3.26,1.11,1.11,2466,310,310,0,1,13,0
South Carolina,32.1,-81,-2.41,1.11,1.11,2392,326,326,0,1,13,0
South Carolina,32.9,-79.9,-1.2,0.62,0.62,2804,340,340,1,1,13,0
South Carolina,32.9,-79.9,-0.2,0.62,0.62,2025,286,286,1,1,13,0
South Carolina,33.58,-79,-2.57,0.63,0.63,10853,909,909,1,1,13,0
South Carolina,33.58,-79,-2.51,0.63,0.63,10293,766,766,1,1,13,0
South Carolina,33.58,-79,-1.43,0.63,0.63,9531,741,741,1,1,13,0
South Carolina,33.58,-79,-2.13,0.63,0.63,3763,385,385,1,1,13,0
South Carolina,33.58,-79,-0.21,0.63,0.63,2550,369,369,1,1,13,0
South Carolina,33.58,-79,-0.12,0.63,0.63,2404,344,344,1,1,13,0
South Carolina,33.58,-79,-0.11,0.63,0.63,2174,558,558,1,1,13,0
South Carolina,33.2,-79.4,-3.22,0.65,0.65,5220,363,363,1,1,13,0
North Florida,30.587,-81.666,-1.18,0.14,0.14,2509,141,141,0,1,14,1
North Florida,30.587,-81.666,-1.17,0.14,0.14,2485,134,134,0,1,14,1
North Florida,30.587,-81.666,-1.15,0.14,0.14,2444,125,125,0,1,14,1
North Florida,30.587,-81.666,-1.13,0.14,0.14,2406,118,118,0,1,14,1
North Florida,30.587,-81.666,-1.11,0.14,0.14,2366,109,109,0,1,14,1
North Florida,30.587,-81.666,-1.09,0.14,0.14,2329,100,100,0,1,14,1
North Florida,30.587,-81.666,-1.07,0.14,0.14,2293,91,91,0,1,14,1
North Florida,30.587,-81.666,-1.05,0.14,0.14,2263,84,84,0,1,14,1
North Florida,30.587,-81.666,-1.03,0.14,0.14,2223,81,81,0,1,14,1
North Florida,30.587,-81.666,-1.01,0.14,0.14,2155,84,84,0,1,14,1
North Florida,30.587,-81.666,-0.99,0.14,0.14,2105,91,91,0,1,14,1
North Florida,30.587,-81.666,-0.97,0.14,0.14,2059,98,98,0,1,14,1
North Florida,30.587,-81.666,-0.95,0.14,0.14,2014,102,102,0,1,14,1
North Florida,30.587,-81.666,-0.93,0.14,0.14,1970,103,103,0,1,14,1
North Florida,30.587,-81.666,-0.91,0.14,0.14,1926,101,101,0,1,14,1
North Florida,30.587,-81.666,-0.89,0.14,0.14,1883,97,97,0,1,14,1
North Florida,30.587,-81.666,-0.87,0.14,0.14,1840,87,87,0,1,14,1
North Florida,30.587,-81.666,-0.85,0.14,0.14,1820,81,81,0,1,14,1
North Florida,30.587,-81.666,-0.84,0.14,0.14,1796,73,73,0,1,14,1
North Florida,30.587,-81.666,-0.83,0.14,0.14,1735,70,70,0,1,14,1
North Florida,30.587,-81.666,-0.81,0.14,0.14,1691,76,76,0,1,14,1
North Florida,30.587,-81.666,-0.79,0.14,0.14,1649,74,74,0,1,14,1
North Florida,30.587,-81.666,-0.77,0.14,0.14,1606,64,64,0,1,14,1
North Florida,30.587,-81.666,-0.75,0.14,0.14,1545,61,61,0,1,14,1
North Florida,30.587,-81.666,-0.73,0.14,0.14,1480,71,71,0,1,14,1
North Florida,30.587,-81.666,-0.71,0.14,0.14,1431,74,74,0,1,14,1
North Florida,30.587,-81.666,-0.69,0.14,0.14,1383,65,65,0,1,14,1
North Florida,30.587,-81.666,-0.67,0.14,0.14,1314,48,48,0,1,14,1
North Florida,30.587,-81.666,-0.65,0.14,0.14,1243,67,67,0,1,14,1
North Florida,30.587,-81.666,-0.63,0.14,0.14,1194,79,79,0,1,14,1
North Florida,30.587,-81.666,-0.61,0.14,0.14,1147,82,82,0,1,14,1
North Florida,30.587,-81.666,-0.59,0.14,0.14,1095,75,75,0,1,14,1
North Florida,30.587,-81.666,-0.57,0.14,0.14,1028,58,58,0,1,14,1
North Florida,30.587,-81.666,-0.55,0.14,0.14,977,62,62,0,1,14,1
North Florida,30.587,-81.666,-0.53,0.14,0.14,939,72,72,0,1,14,1
North Florida,30.587,-81.666,-0.51,0.14,0.14,899,76,76,0,1,14,1
North Florida,30.587,-81.666,-0.49,0.14,0.14,861,74,74,0,1,14,1
North Florida,30.587,-81.666,-0.48,0.14,0.14,842,72,72,0,1,14,1
North Florida,30.587,-81.666,-0.47,0.14,0.14,822,69,69,0,1,14,1
North Florida,30.587,-81.666,-0.45,0.14,0.14,779,58,58,0,1,14,1
North Florida,30.587,-81.666,-0.44,0.14,0.14,749,52,52,0,1,14,1
North Florida,30.587,-81.666,-0.43,0.14,0.14,721,54,54,0,1,14,1
North Florida,30.587,-81.666,-0.41,0.14,0.14,682,63,63,0,1,14,1
North Florida,30.587,-81.666,-0.39,0.14,0.14,644,65,65,0,1,14,1
North Florida,30.587,-81.666,-0.37,0.14,0.14,606,59,59,0,1,14,1
North Florida,30.587,-81.666,-0.35,0.14,0.14,567,43,43,0,1,14,1
North Florida,30.587,-81.666,-0.33,0.14,0.14,496,41,41,0,1,14,1
North Florida,30.587,-81.666,-0.31,0.14,0.14,458,56,56,0,1,14,1
North Florida,30.587,-81.666,-0.29,0.14,0.14,421,59,59,0,1,14,1
North Florida,30.587,-81.666,-0.27,0.14,0.14,388,55,55,0,1,14,1
North Florida,30.587,-81.666,-0.26,0.14,0.14,359,56,56,0,1,14,1
North Florida,30.587,-81.666,-0.25,0.14,0.14,322,59,59,0,1,14,1
North Florida,30.587,-81.666,-0.23,0.14,0.14,274,65,65,0,1,14,1
North Florida,30.587,-81.666,-0.17,0.14,0.14,118,40,40,0,1,14,1
North Florida,30.587,-81.666,-0.15,0.14,0.14,85,12,12,0,1,14,1
North Florida,30.587,-81.666,-0.13,0.14,0.14,67,13,13,0,1,14,1
North Florida,30.587,-81.666,-0.11,0.14,0.14,53,19,19,0,1,14,1
North Florida,30.587,-81.666,-0.09,0.14,0.14,36,19,19,0,1,14,1
North Florida,30.587,-81.666,-0.07,0.14,0.14,28,18,18,0,1,14,1
North Florida,30.587,-81.666,-0.05,0.14,0.14,8,22,22,0,1,14,1
North Florida,30.587,-81.666,-0.03,0.14,0.14,-6,19,19,0,1,14,1
North Florida,30.587,-81.666,-0.01,0.14,0.14,-22,9,9,0,1,14,1
North Florida,30.587,-81.666,0.01,0.14,0.14,-31,9,9,0,1,14,1
North Florida,30.587,-81.666,0.03,0.14,0.14,-39,11,11,0,1,14,1
North Florida,30.587,-81.666,0.05,0.14,0.14,-49,8,8,0,1,14,1
Florida,25.35,-80.25,-5.2,0.72,0.72,5520,390,460,0,1,15,0
Florida,24.95,-80.89,-1.57,0.35,0.35,2514,159,159,-1,1,15,0
Florida,24.95,-80.89,-1.69,0.45,0.45,3055,145,145,-1,1,15,0
Florida,25.03,-80.68,-1.07,0.52,0.52,283,137,137,-1,1,15,0
Florida,25.1,-80.9,-1.33,0.54,0.54,2520,1280,640,-1,1,15,0
Florida,25.21,-80.53,-1.36,0.55,0.55,1260,94,94,-1,1,15,0
Florida,25.21,-80.53,-1.04,0.55,0.55,350,95,95,-1,1,15,0
Florida,24.95,-80.89,-1.65,0.6,0.6,3334,124,124,-1,1,15,0
Florida,25.83,-81.41,-2.2,0.75,0.75,3350,1840,910,-1,1,15,0
Florida,25.83,-81.41,-1.93,0.75,0.75,2790,1410,710,-1,1,15,0
Florida,25.83,-81.41,-1.45,0.75,0.75,1890,1470,680,-1,1,15,0
Florida,25.85,-81.47,-1.55,0.75,0.75,780,1210,640,-1,1,15,0
Florida,25.83,-81.41,-1.02,0.75,0.75,390,960,390,-1,1,15,0
Florida,25.56,-81.46,-1.2,0.77,0.77,870,1230,600,-1,1,15,0
Florida,25.22,-80.22,-10.4,0.85,0.84,7596,727,727,-1,2,15,0
Florida,25.22,-80.22,-12.3,0.85,0.84,7596,1358,1358,-1,2,15,0
Florida,25.22,-80.22,-13.3,0.85,0.84,7479,424,424,-1,2,15,0
Florida,25.22,-80.22,-11.8,0.85,0.84,7362,684,684,-1,2,15,0
Florida,25.22,-80.22,-15,0.85,0.84,7244,517,517,-1,2,15,0
Florida,25.22,-80.22,-15.1,0.85,0.84,6082,518,518,-1,2,15,0
Florida,25.22,-80.22,-9.1,0.85,0.84,5046,539,539,-1,2,15,0
Florida,25.08,-80.65,-1.35,0.63,0.63,1100,420,380,0,1,15,0
Florida,25.01,-80.62,-1,0.63,0.63,400,270,400,0,1,15,0
Florida,25.01,-80.62,-1.34,0.64,0.64,1260,270,280,0,1,15,0
Florida,25.07,-80.79,-1.27,0.64,0.64,1060,250,280,0,1,15,0
Florida,25,-80.74,-1.28,0.64,0.64,840,390,320,0,1,15,0
Florida,25.03,-80.91,-4,0.66,0.66,5630,310,320,0,1,15,0
Florida,25.13,-80.9,-3.49,0.67,0.66,4590,290,430,0,1,15,0
Florida,25.28,-80.89,-1.31,0.69,0.69,1660,270,280,0,1,15,0
Florida,25.01,-80.61,-0.83,0.69,0.69,890,340,240,0,1,15,0
Florida,25.05,-80.45,-5.11,0.71,0.7,6500,480,510,0,1,15,0
Florida,25.26,-81.01,-1.73,0.71,0.71,3300,530,510,0,1,15,0
Florida,25.05,-80.45,-2.49,0.71,0.71,2650,560,510,0,1,15,0
Florida,25.05,-80.45,-1.69,0.71,0.71,2590,370,410,0,1,15,0
Florida,25.3,-80.95,-0.99,0.71,0.71,1450,500,500,0,1,15,0
Florida,25.35,-80.25,-5.1,0.72,0.72,4760,520,340,0,1,15,0
Florida,25.35,-80.25,-4.8,0.72,0.72,4680,610,530,0,1,15,0
Florida,25.35,-80.25,-4.3,0.72,0.72,4550,310,400,0,1,15,0
Florida,25.35,-80.25,-3.8,0.72,0.72,4440,400,440,0,1,15,0
Florida,25.35,-80.25,-3.3,0.72,0.72,4070,350,350,0,1,15,0
Florida,25.35,-80.25,-2.8,0.72,0.72,3380,320,320,0,1,15,0
Florida,25.35,-80.25,-2.3,0.72,0.72,3000,330,250,0,1,15,0
Florida,25.35,-80.25,-1.8,0.72,0.72,2740,330,390,0,1,15,0
Florida,25.35,-80.25,-1.3,0.72,0.72,2080,280,350,0,1,15,0
Florida,27.42,-80.28,-0.93,0.72,0.72,1930,380,320,0,1,15,0
Florida,25.16,-81.1,-3.62,0.73,0.72,5840,430,370,0,1,15,0
Florida,25.49,-80.18,-3.22,0.73,0.73,4690,600,510,0,1,15,0
Florida,25.49,-80.18,-2.82,0.73,0.73,4590,370,440,0,1,15,0
Florida,25.49,-80.18,-2.32,0.73,0.73,4450,380,360,0,1,15,0
Florida,25.49,-80.18,-1.82,0.73,0.73,2640,290,290,0,1,15,0
Florida,25.49,-80.18,-1.32,0.73,0.73,2590,330,270,0,1,15,0
Florida,25.28,-81.07,-1.69,0.73,0.73,2560,290,250,0,1,15,0
Florida,25.49,-80.18,-0.82,0.73,0.73,1660,270,270,0,1,15,0
Florida,27.43,-80.28,-1.13,0.73,0.73,1380,240,210,0,1,15,0
Florida,27.42,-80.28,-0.83,0.73,0.73,1120,220,210,0,1,15,0
Florida,25.49,-80.18,-0.32,0.73,0.73,370,270,370,0,1,15,0
Florida,25.83,-81.42,-4.31,0.74,0.74,4410,550,580,0,1,15,0
Florida,25.83,-81.49,-1.63,0.74,0.74,2300,460,470,0,1,15,0
Florida,25.81,-81.3,-1.64,0.76,0.76,3220,610,490,0,1,15,0
Florida,25.81,-81.3,-1.92,0.78,0.78,3790,730,720,0,1,15,0
Florida,24.95,-80.89,-3.07,0.82,0.82,3694,131,131,0,1,15,0
Florida,24.95,-80.89,-2.87,0.82,0.82,3555,129,129,0,1,15,0
Florida,25.42,-81.16,-2.52,0.92,0.92,4170,360,450,0,1,15,0
Florida,25.9,-81.51,-2.94,0.92,0.92,3920,370,350,0,1,15,0
Florida,25.42,-81.16,-2.19,0.92,0.92,3640,330,280,0,1,15,0
Florida,25.42,-81.16,-2.26,0.92,0.92,3070,550,590,0,1,15,0
Florida,25.42,-81.17,-2.98,0.93,0.93,4760,520,350,0,1,15,0
Florida,25.86,-81.46,-3.05,0.93,0.93,4560,400,470,0,1,15,0
Florida,25.85,-81.47,-0.9,0.93,0.93,590,210,280,0,1,15,0
Florida,25.83,-81.66,-9.39,0.94,0.92,6810,450,420,0,1,15,0
Florida,26.25,-80.06,-24.15,2.59,2.59,10730,410,440,0,2,15,0
Florida,26.25,-80.06,-22.15,2.59,2.59,10020,460,480,0,2,15,0
Florida,26.25,-80.06,-24.65,2.59,2.59,9420,470,430,0,2,15,0
Florida,26.25,-80.06,-15.65,2.59,2.59,9280,430,490,0,2,15,0
Florida,26.25,-80.06,-17.15,2.59,2.59,8930,460,420,0,2,15,0
Florida,26.25,-80.06,-14.15,2.59,2.59,8730,420,390,0,2,15,0
Florida,26.25,-80.06,-15.15,2.59,2.59,8620,390,400,0,2,15,0
Florida,26.25,-80.06,-18.15,2.59,2.59,8440,440,390,0,2,15,0
Florida,26.25,-80.06,-20.65,2.59,2.59,8120,320,350,0,2,15,0
Florida,26.25,-80.06,-15.15,2.59,2.59,7970,350,340,0,2,15,0
Florida,25.22,-80.22,-6.74,2.69,2.68,7000,190,190,0,2,15,0
Florida,25.3,-80.95,-1.12,0.53,0.53,3170,1640,830,1,1,15,0
Florida,25.3,-80.95,-1.12,0.53,0.53,2750,1260,640,1,1,15,0
Florida,25.03,-80.91,-3.69,0.54,0.54,6110,650,350,1,1,15,0
Florida,25.08,-80.65,-3.49,0.54,0.54,5340,780,460,1,1,15,0
Florida,25,-80.74,-2.9,0.54,0.54,4860,860,420,1,1,15,0
Florida,25.26,-81.01,-1.92,0.54,0.54,4550,1710,820,1,1,15,0
Florida,25.01,-80.62,-2.98,0.54,0.54,4460,750,370,1,1,15,0
Florida,25.35,-81.07,-1.48,0.54,0.54,3870,670,310,1,1,15,0
Florida,25.35,-81.07,-1.48,0.54,0.54,3740,1210,580,1,1,15,0
Florida,25.28,-81.07,-1.65,0.54,0.54,3680,590,290,1,1,15,0
Florida,25.06,-80.51,-3.88,0.54,0.54,3320,720,360,1,1,15,0
Florida,25.28,-80.89,-0.95,0.54,0.54,2840,670,350,1,1,15,0
Florida,25.17,-80.59,-2.58,0.54,0.54,2610,890,460,1,1,15,0
Florida,25.26,-80.89,-0.89,0.54,0.54,2470,620,330,1,1,15,0
Florida,25.21,-80.67,-0.56,0.54,0.54,1910,740,340,1,1,15,0
Florida,25.27,-80.79,-0.18,0.54,0.54,910,490,220,1,1,15,0
Florida,25.1,-80.9,-1.93,0.55,0.55,3960,860,400,1,1,15,0
Florida,25.3,-80.95,-1.33,0.55,0.55,3260,1240,540,1,1,15,0
Florida,25.24,-80.95,-1.76,0.56,0.56,4070,1960,990,1,1,15,0
Florida,25.24,-80.95,-1.47,0.56,0.56,3320,1660,830,1,1,15,0
Florida,25.28,-81.15,-2.36,0.58,0.58,4710,930,420,1,1,15,0
Florida,25.3,-81.03,-2.06,0.6,0.6,4430,870,450,1,1,15,0
Florida,25.45,-80.2,-0.25,0.64,0.64,380,690,380,1,1,15,0
Florida,25.21,-80.49,-0.9,0.65,0.65,3680,1510,760,1,1,15,0
Florida,25.21,-80.49,-0.9,0.65,0.65,3140,1770,850,1,1,15,0
Florida,25.42,-80.96,-0.84,0.71,0.71,5090,2160,1080,1,1,15,0
Florida,25.42,-80.96,-0.84,0.71,0.71,4680,1570,780,1,1,15,0
Florida,25.01,-80.61,-2.14,0.71,0.71,4020,1010,510,1,1,15,0
Florida,25.05,-80.45,-4.2,0.72,0.72,6310,810,400,1,1,15,0
Florida,25.05,-80.45,-3.7,0.72,0.72,6200,890,450,1,1,15,0
Florida,25.05,-80.45,-3.45,0.72,0.72,6100,830,440,1,1,15,0
Florida,25.95,-81.73,0.5,0.72,0.72,2550,770,400,1,1,15,0
Florida,25.42,-81.16,-2.38,0.75,0.75,4460,740,370,1,1,15,0
Florida,25.42,-81.17,-3.77,0.84,0.84,5010,1160,580,1,1,15,0
Florida,25.42,-81.15,-3.76,0.86,0.86,4540,1350,620,1,1,15,0
Florida,25.42,-81.16,-2.3,0.86,0.86,3570,1000,500,1,1,15,0
Florida,25.42,-81.15,-1.85,0.86,0.86,2950,1070,570,1,1,15,0
Bahamas,26.61,-77.11,-3.89,2.77,2.76,4672,218,218,0,1,16,0
Bahamas,26.61,-77.11,-2.59,2.77,2.76,3984,260,260,0,1,16,0
Bahamas,26.61,-77.11,-3.49,2.77,2.76,3737,240,240,0,1,16,0
Bahamas,26.61,-77.11,-4.09,2.77,2.76,3618,187,187,0,1,16,0
Bahamas,26.61,-77.11,-4.39,2.77,2.76,3473,226,226,0,1,16,0